{
  "IR": [
    {
      "name_en": "Tehran",
      "name_fa": "تهران",
      "latitude": 35.6892,
      "longitude": 51.389,
      "timezone": "Asia/Tehran"
    },
    {
      "name_en": "Isfahan",
      "name_fa": "اصفهان",
      "latitude": 32.6546,
      "longitude": 51.668,
      "timezone": "Asia/Tehran"
    },
    {
      "name_en": "Shiraz",
      "name_fa": "شیراز",
      "latitude": 29.5918,
      "longitude": 52.5837,
      "timezone": "Asia/Tehran"
    },
    {
      "name_en": "Mashhad",
      "name_fa": "مشهد",
      "latitude": 36.2605,
      "longitude": 59.6168,
      "timezone": "Asia/Tehran"
    },
    {
      "name_en": "Tabriz",
      "name_fa": "تبریز",
      "latitude": 38.08,
      "longitude": 46.2919,
      "timezone": "Asia/Tehran"
    },
    {
      "name_en": "Ahvaz",
      "name_fa": "اهواز",
      "latitude": 31.3183,
      "longitude": 48.6706,
      "timezone": "Asia/Tehran"
    },
    {
      "name_en": "Kerman",
      "name_fa": "کرمان",
      "latitude": 30.2839,
      "longitude": 57.0834,
      "timezone": "Asia/Tehran"
    },
    {
      "name_en": "Rasht",
      "name_fa": "رشت",
      "latitude": 37.2808,
      "longitude": 49.5832,
      "timezone": "Asia/Tehran"
    },
    {
      "name_en": "Qom",
      "name_fa": "قم",
      "latitude": 34.6401,
      "longitude": 50.8764,
      "timezone": "Asia/Tehran"
    },
    {
      "name_en": "Karaj",
      "name_fa": "کرج",
      "latitude": 35.84,
      "longitude": 50.9391,
      "timezone": "Asia/Tehran"
    }
  ],
  "US": [
    {
      "name_en": "New York",
      "name_fa": "نیویورک",
      "latitude": 40.7128,
      "longitude": -74.006,
      "timezone": "America/New_York"
    },
    {
      "name_en": "Los Angeles",
      "name_fa": "لس آنجلس",
      "latitude": 34.0522,
      "longitude": -118.2437,
      "timezone": "America/Los_Angeles"
    },
    {
      "name_en": "Chicago",
      "name_fa": "شیکاگو",
      "latitude": 41.8781,
      "longitude": -87.6298,
      "timezone": "America/Chicago"
    },
    {
      "name_en": "Houston",
      "name_fa": "هیوستون",
      "latitude": 29.7604,
      "longitude": -95.3698,
      "timezone": "America/Chicago"
    },
    {
      "name_en": "Phoenix",
      "name_fa": "فینیکس",
      "latitude": 33.4484,
      "longitude": -112.074,
      "timezone": "America/Phoenix"
    },
    {
      "name_en": "Philadelphia",
      "name_fa": "فیلادلفیا",
      "latitude": 39.9526,
      "longitude": -75.1652,
      "timezone": "America/New_York"
    },
    {
      "name_en": "San Antonio",
      "name_fa": "سن آنتونیو",
      "latitude": 29.4241,
      "longitude": -98.4936,
      "timezone": "America/Chicago"
    },
    {
      "name_en": "San Diego",
      "name_fa": "سن دیگو",
      "latitude": 32.7157,
      "longitude": -117.1611,
      "timezone": "America/Los_Angeles"
    },
    {
      "name_en": "Dallas",
      "name_fa": "دالاس",
      "latitude": 32.7767,
      "longitude": -96.797,
      "timezone": "America/Chicago"
    },
    {
      "name_en": "San Jose",
      "name_fa": "سن خوزه",
      "latitude": 37.3382,
      "longitude": -121.8863,
      "timezone": "America/Los_Angeles"
    }
  ],
  "GB": [
    {
      "name_en": "London",
      "name_fa": "لندن",
      "latitude": 51.5074,
      "longitude": -0.1278,
      "timezone": "Europe/London"
    },
    {
      "name_en": "Birmingham",
      "name_fa": "بیرمنگام",
      "latitude": 52.4862,
      "longitude": -1.8904,
      "timezone": "Europe/London"
    },
    {
      "name_en": "Manchester",
      "name_fa": "منچستر",
      "latitude": 53.4808,
      "longitude": -2.2426,
      "timezone": "Europe/London"
    },
    {
      "name_en": "Glasgow",
      "name_fa": "گلاسکو",
      "latitude": 55.8642,
      "longitude": -4.2518,
      "timezone": "Europe/London"
    },
    {
      "name_en": "Leeds",
      "name_fa": "لیدز",
      "latitude": 53.8008,
      "longitude": -1.5491,
      "timezone": "Europe/London"
    },
    {
      "name_en": "Liverpool",
      "name_fa": "لیورپول",
      "latitude": 53.4084,
      "longitude": -2.9916,
      "timezone": "Europe/London"
    },
    {
      "name_en": "Edinburgh",
      "name_fa": "ادینبرا",
      "latitude": 55.9533,
      "longitude": -3.1883,
      "timezone": "Europe/London"
    },
    {
      "name_en": "Bristol",
      "name_fa": "بریستول",
      "latitude": 51.4545,
      "longitude": -2.5879,
      "timezone": "Europe/London"
    }
  ],
  "DE": [
    {
      "name_en": "Berlin",
      "name_fa": "برلین",
      "latitude": 52.52,
      "longitude": 13.405,
      "timezone": "Europe/Berlin"
    },
    {
      "name_en": "Hamburg",
      "name_fa": "هامبورگ",
      "latitude": 53.5511,
      "longitude": 9.9937,
      "timezone": "Europe/Berlin"
    },
    {
      "name_en": "Munich",
      "name_fa": "مونیخ",
      "latitude": 48.1351,
      "longitude": 11.582,
      "timezone": "Europe/Berlin"
    },
    {
      "name_en": "Cologne",
      "name_fa": "کلن",
      "latitude": 50.9375,
      "longitude": 6.9603,
      "timezone": "Europe/Berlin"
    },
    {
      "name_en": "Frankfurt",
      "name_fa": "فرانکفورت",
      "latitude": 50.1109,
      "longitude": 8.6821,
      "timezone": "Europe/Berlin"
    },
    {
      "name_en": "Stuttgart",
      "name_fa": "اشتوتگارت",
      "latitude": 48.7758,
      "longitude": 9.1829,
      "timezone": "Europe/Berlin"
    },
    {
      "name_en": "Düsseldorf",
      "name_fa": "دوسلدورف",
      "latitude": 51.2277,
      "longitude": 6.7735,
      "timezone": "Europe/Berlin"
    },
    {
      "name_en": "Leipzig",
      "name_fa": "لایپزیگ",
      "latitude": 51.3397,
      "longitude": 12.3731,
      "timezone": "Europe/Berlin"
    }
  ],
  "FR": [
    {
      "name_en": "Paris",
      "name_fa": "پاریس",
      "latitude": 48.8566,
      "longitude": 2.3522,
      "timezone": "Europe/Paris"
    },
    {
      "name_en": "Marseille",
      "name_fa": "مارسی",
      "latitude": 43.2965,
      "longitude": 5.3698,
      "timezone": "Europe/Paris"
    },
    {
      "name_en": "Lyon",
      "name_fa": "لیون",
      "latitude": 45.764,
      "longitude": 4.8357,
      "timezone": "Europe/Paris"
    },
    {
      "name_en": "Toulouse",
      "name_fa": "تولوز",
      "latitude": 43.6047,
      "longitude": 1.4442,
      "timezone": "Europe/Paris"
    },
    {
      "name_en": "Nice",
      "name_fa": "نیس",
      "latitude": 43.7102,
      "longitude": 7.262,
      "timezone": "Europe/Paris"
    },
    {
      "name_en": "Nantes",
      "name_fa": "نانت",
      "latitude": 47.2184,
      "longitude": -1.5536,
      "timezone": "Europe/Paris"
    },
    {
      "name_en": "Strasbourg",
      "name_fa": "استراسبورگ",
      "latitude": 48.5734,
      "longitude": 7.7521,
      "timezone": "Europe/Paris"
    },
    {
      "name_en": "Montpellier",
      "name_fa": "مون‌پلیه",
      "latitude": 43.6108,
      "longitude": 3.8767,
      "timezone": "Europe/Paris"
    }
  ],
  "TR": [
    {
      "name_en": "Istanbul",
      "name_fa": "استانبول",
      "latitude": 41.0082,
      "longitude": 28.9784,
      "timezone": "Europe/Istanbul"
    },
    {
      "name_en": "Ankara",
      "name_fa": "آنکارا",
      "latitude": 39.9334,
      "longitude": 32.8597,
      "timezone": "Europe/Istanbul"
    },
    {
      "name_en": "Izmir",
      "name_fa": "ازمیر",
      "latitude": 38.4237,
      "longitude": 27.1428,
      "timezone": "Europe/Istanbul"
    },
    {
      "name_en": "Bursa",
      "name_fa": "بورسا",
      "latitude": 40.1885,
      "longitude": 29.061,
      "timezone": "Europe/Istanbul"
    },
    {
      "name_en": "Antalya",
      "name_fa": "آنتالیا",
      "latitude": 36.8969,
      "longitude": 30.7133,
      "timezone": "Europe/Istanbul"
    },
    {
      "name_en": "Adana",
      "name_fa": "آدانا",
      "latitude": 37.0,
      "longitude": 35.3213,
      "timezone": "Europe/Istanbul"
    },
    {
      "name_en": "Gaziantep",
      "name_fa": "غازی‌آنتپ",
      "latitude": 37.0662,
      "longitude": 37.3833,
      "timezone": "Europe/Istanbul"
    },
    {
      "name_en": "Konya",
      "name_fa": "قونیه",
      "latitude": 37.8746,
      "longitude": 32.4932,
      "timezone": "Europe/Istanbul"
    }
  ],
  "AE": [
    {
      "name_en": "Dubai",
      "name_fa": "دبی",
      "latitude": 25.2048,
      "longitude": 55.2708,
      "timezone": "Asia/Dubai"
    },
    {
      "name_en": "Abu Dhabi",
      "name_fa": "ابوظبی",
      "latitude": 24.4539,
      "longitude": 54.3773,
      "timezone": "Asia/Dubai"
    },
    {
      "name_en": "Sharjah",
      "name_fa": "شارجه",
      "latitude": 25.3463,
      "longitude": 55.4209,
      "timezone": "Asia/Dubai"
    },
    {
      "name_en": "Ajman",
      "name_fa": "عجمان",
      "latitude": 25.4052,
      "longitude": 55.5136,
      "timezone": "Asia/Dubai"
    },
    {
      "name_en": "Al Ain",
      "name_fa": "العین",
      "latitude": 24.1912,
      "longitude": 55.7606,
      "timezone": "Asia/Dubai"
    },
    {
      "name_en": "Ras Al Khaimah",
      "name_fa": "راس‌الخیمه",
      "latitude": 25.7895,
      "longitude": 55.9432,
      "timezone": "Asia/Dubai"
    },
    {
      "name_en": "Fujairah",
      "name_fa": "فجیره",
      "latitude": 25.1288,
      "longitude": 56.3265,
      "timezone": "Asia/Dubai"
    },
    {
      "name_en": "Umm Al Quwain",
      "name_fa": "ام‌القیوین",
      "latitude": 25.5647,
      "longitude": 55.5552,
      "timezone": "Asia/Dubai"
    }
  ],
  "CA": [
    {
      "name_en": "Toronto",
      "name_fa": "تورنتو",
      "latitude": 43.6532,
      "longitude": -79.3832,
      "timezone": "America/Toronto"
    },
    {
      "name_en": "Montreal",
      "name_fa": "مونترال",
      "latitude": 45.5017,
      "longitude": -73.5673,
      "timezone": "America/Toronto"
    },
    {
      "name_en": "Vancouver",
      "name_fa": "ونکوور",
      "latitude": 49.2827,
      "longitude": -123.1207,
      "timezone": "America/Vancouver"
    },
    {
      "name_en": "Calgary",
      "name_fa": "کلگری",
      "latitude": 51.0447,
      "longitude": -114.0719,
      "timezone": "America/Edmonton"
    },
    {
      "name_en": "Edmonton",
      "name_fa": "ادمونتون",
      "latitude": 53.5461,
      "longitude": -113.4938,
      "timezone": "America/Edmonton"
    },
    {
      "name_en": "Ottawa",
      "name_fa": "اتاوا",
      "latitude": 45.4215,
      "longitude": -75.6972,
      "timezone": "America/Toronto"
    },
    {
      "name_en": "Winnipeg",
      "name_fa": "وینیپگ",
      "latitude": 49.8951,
      "longitude": -97.1384,
      "timezone": "America/Winnipeg"
    },
    {
      "name_en": "Quebec City",
      "name_fa": "کبک",
      "latitude": 46.8139,
      "longitude": -71.208,
      "timezone": "America/Toronto"
    }
  ],
  "AU": [
    {
      "name_en": "Sydney",
      "name_fa": "سیدنی",
      "latitude": -33.8688,
      "longitude": 151.2093,
      "timezone": "Australia/Sydney"
    },
    {
      "name_en": "Melbourne",
      "name_fa": "ملبورن",
      "latitude": -37.8136,
      "longitude": 144.9631,
      "timezone": "Australia/Melbourne"
    },
    {
      "name_en": "Brisbane",
      "name_fa": "بریزبن",
      "latitude": -27.4698,
      "longitude": 153.0251,
      "timezone": "Australia/Brisbane"
    },
    {
      "name_en": "Perth",
      "name_fa": "پرث",
      "latitude": -31.9505,
      "longitude": 115.8605,
      "timezone": "Australia/Perth"
    },
    {
      "name_en": "Adelaide",
      "name_fa": "آدلاید",
      "latitude": -34.9285,
      "longitude": 138.6007,
      "timezone": "Australia/Adelaide"
    },
    {
      "name_en": "Gold Coast",
      "name_fa": "گلدکوست",
      "latitude": -28.0167,
      "longitude": 153.4,
      "timezone": "Australia/Brisbane"
    },
    {
      "name_en": "Canberra",
      "name_fa": "کانبرا",
      "latitude": -35.2809,
      "longitude": 149.13,
      "timezone": "Australia/Sydney"
    },
    {
      "name_en": "Hobart",
      "name_fa": "هوبارت",
      "latitude": -42.8821,
      "longitude": 147.3272,
      "timezone": "Australia/Hobart"
    }
  ],
  "IN": [
    {
      "name_en": "New Delhi",
      "name_fa": "دهلی نو",
      "latitude": 28.6139,
      "longitude": 77.209,
      "timezone": "Asia/Kolkata"
    },
    {
      "name_en": "Mumbai",
      "name_fa": "بمبئی",
      "latitude": 19.076,
      "longitude": 72.8777,
      "timezone": "Asia/Kolkata"
    },
    {
      "name_en": "Bangalore",
      "name_fa": "بنگلور",
      "latitude": 12.9716,
      "longitude": 77.5946,
      "timezone": "Asia/Kolkata"
    },
    {
      "name_en": "Hyderabad",
      "name_fa": "حیدرآباد",
      "latitude": 17.385,
      "longitude": 78.4867,
      "timezone": "Asia/Kolkata"
    },
    {
      "name_en": "Chennai",
      "name_fa": "چنای",
      "latitude": 13.0827,
      "longitude": 80.2707,
      "timezone": "Asia/Kolkata"
    },
    {
      "name_en": "Kolkata",
      "name_fa": "کلکته",
      "latitude": 22.5726,
      "longitude": 88.3639,
      "timezone": "Asia/Kolkata"
    },
    {
      "name_en": "Ahmedabad",
      "name_fa": "احمدآباد",
      "latitude": 23.0225,
      "longitude": 72.5714,
      "timezone": "Asia/Kolkata"
    },
    {
      "name_en": "Pune",
      "name_fa": "پونه",
      "latitude": 18.5204,
      "longitude": 73.8567,
      "timezone": "Asia/Kolkata"
    },
    {
      "name_en": "Jaipur",
      "name_fa": "جیپور",
      "latitude": 26.9124,
      "longitude": 75.7873,
      "timezone": "Asia/Kolkata"
    },
    {
      "name_en": "Lucknow",
      "name_fa": "لکهنو",
      "latitude": 26.8467,
      "longitude": 80.9462,
      "timezone": "Asia/Kolkata"
    }
  ],
  "AF": [
    {
      "name_en": "Kabul",
      "name_fa": "کابل",
      "latitude": 34.5553,
      "longitude": 69.2075,
      "timezone": "Asia/Kabul"
    },
    {
      "name_en": "Herat",
      "name_fa": "هرات",
      "latitude": 34.3529,
      "longitude": 62.204,
      "timezone": "Asia/Kabul"
    },
    {
      "name_en": "Mazar-i-Sharif",
      "name_fa": "مزارشریف",
      "latitude": 36.7069,
      "longitude": 67.1147,
      "timezone": "Asia/Kabul"
    },
    {
      "name_en": "Kandahar",
      "name_fa": "قندهار",
      "latitude": 31.628,
      "longitude": 65.7372,
      "timezone": "Asia/Kabul"
    },
    {
      "name_en": "Jalalabad",
      "name_fa": "جلال‌آباد",
      "latitude": 34.4253,
      "longitude": 70.4536,
      "timezone": "Asia/Kabul"
    },
    {
      "name_en": "Kunduz",
      "name_fa": "کندز",
      "latitude": 36.728,
      "longitude": 68.868,
      "timezone": "Asia/Kabul"
    },
    {
      "name_en": "Balkh",
      "name_fa": "بلخ",
      "latitude": 36.755,
      "longitude": 66.8972,
      "timezone": "Asia/Kabul"
    },
    {
      "name_en": "Ghazni",
      "name_fa": "غزنی",
      "latitude": 33.5539,
      "longitude": 68.4208,
      "timezone": "Asia/Kabul"
    }
  ],
  "IQ": [
    {
      "name_en": "Baghdad",
      "name_fa": "بغداد",
      "latitude": 33.3128,
      "longitude": 44.3615,
      "timezone": "Asia/Baghdad"
    },
    {
      "name_en": "Basra",
      "name_fa": "بصره",
      "latitude": 30.5085,
      "longitude": 47.7804,
      "timezone": "Asia/Baghdad"
    },
    {
      "name_en": "Erbil",
      "name_fa": "اربیل",
      "latitude": 36.1912,
      "longitude": 44.0119,
      "timezone": "Asia/Baghdad"
    },
    {
      "name_en": "Mosul",
      "name_fa": "موصل",
      "latitude": 36.335,
      "longitude": 43.1189,
      "timezone": "Asia/Baghdad"
    },
    {
      "name_en": "Sulaymaniyah",
      "name_fa": "سلیمانیه",
      "latitude": 35.5614,
      "longitude": 45.4306,
      "timezone": "Asia/Baghdad"
    },
    {
      "name_en": "Najaf",
      "name_fa": "نجف",
      "latitude": 32.0003,
      "longitude": 44.336,
      "timezone": "Asia/Baghdad"
    },
    {
      "name_en": "Karbala",
      "name_fa": "کربلا",
      "latitude": 32.616,
      "longitude": 44.0249,
      "timezone": "Asia/Baghdad"
    },
    {
      "name_en": "Kirkuk",
      "name_fa": "کرکوک",
      "latitude": 35.4681,
      "longitude": 44.3922,
      "timezone": "Asia/Baghdad"
    }
  ],
  "PK": [
    {
      "name_en": "Karachi",
      "name_fa": "کراچی",
      "latitude": 24.8607,
      "longitude": 67.0011,
      "timezone": "Asia/Karachi"
    },
    {
      "name_en": "Lahore",
      "name_fa": "لاهور",
      "latitude": 31.5497,
      "longitude": 74.3436,
      "timezone": "Asia/Karachi"
    },
    {
      "name_en": "Islamabad",
      "name_fa": "اسلام‌آباد",
      "latitude": 33.6844,
      "longitude": 73.0479,
      "timezone": "Asia/Karachi"
    },
    {
      "name_en": "Rawalpindi",
      "name_fa": "راولپندی",
      "latitude": 33.5651,
      "longitude": 73.0169,
      "timezone": "Asia/Karachi"
    },
    {
      "name_en": "Faisalabad",
      "name_fa": "فیصل‌آباد",
      "latitude": 31.4504,
      "longitude": 73.135,
      "timezone": "Asia/Karachi"
    },
    {
      "name_en": "Multan",
      "name_fa": "مولتان",
      "latitude": 30.1575,
      "longitude": 71.5249,
      "timezone": "Asia/Karachi"
    },
    {
      "name_en": "Peshawar",
      "name_fa": "پیشاور",
      "latitude": 34.0151,
      "longitude": 71.5249,
      "timezone": "Asia/Karachi"
    },
    {
      "name_en": "Quetta",
      "name_fa": "کویته",
      "latitude": 30.1798,
      "longitude": 66.975,
      "timezone": "Asia/Karachi"
    }
  ],
  "SA": [
    {
      "name_en": "Riyadh",
      "name_fa": "ریاض",
      "latitude": 24.7136,
      "longitude": 46.6753,
      "timezone": "Asia/Riyadh"
    },
    {
      "name_en": "Jeddah",
      "name_fa": "جده",
      "latitude": 21.4858,
      "longitude": 39.1925,
      "timezone": "Asia/Riyadh"
    },
    {
      "name_en": "Mecca",
      "name_fa": "مکه",
      "latitude": 21.3891,
      "longitude": 39.8579,
      "timezone": "Asia/Riyadh"
    },
    {
      "name_en": "Medina",
      "name_fa": "مدینه",
      "latitude": 24.5247,
      "longitude": 39.5692,
      "timezone": "Asia/Riyadh"
    },
    {
      "name_en": "Dammam",
      "name_fa": "دمام",
      "latitude": 26.4207,
      "longitude": 50.0888,
      "timezone": "Asia/Riyadh"
    },
    {
      "name_en": "Tabuk",
      "name_fa": "تبوک",
      "latitude": 28.3838,
      "longitude": 36.555,
      "timezone": "Asia/Riyadh"
    },
    {
      "name_en": "Abha",
      "name_fa": "ابها",
      "latitude": 18.2164,
      "longitude": 42.5053,
      "timezone": "Asia/Riyadh"
    },
    {
      "name_en": "Khamis Mushait",
      "name_fa": "خمیس مشیط",
      "latitude": 18.3066,
      "longitude": 42.7329,
      "timezone": "Asia/Riyadh"
    }
  ],
  "EG": [
    {
      "name_en": "Cairo",
      "name_fa": "قاهره",
      "latitude": 30.0444,
      "longitude": 31.2357,
      "timezone": "Africa/Cairo"
    },
    {
      "name_en": "Alexandria",
      "name_fa": "اسکندریه",
      "latitude": 31.2001,
      "longitude": 29.9187,
      "timezone": "Africa/Cairo"
    },
    {
      "name_en": "Giza",
      "name_fa": "جیزه",
      "latitude": 30.0131,
      "longitude": 31.2089,
      "timezone": "Africa/Cairo"
    },
    {
      "name_en": "Luxor",
      "name_fa": "اقصر",
      "latitude": 25.6872,
      "longitude": 32.6396,
      "timezone": "Africa/Cairo"
    },
    {
      "name_en": "Aswan",
      "name_fa": "اسوان",
      "latitude": 24.0889,
      "longitude": 32.8998,
      "timezone": "Africa/Cairo"
    },
    {
      "name_en": "Sharm El Sheikh",
      "name_fa": "شرم‌الشیخ",
      "latitude": 27.9158,
      "longitude": 34.33,
      "timezone": "Africa/Cairo"
    },
    {
      "name_en": "Hurghada",
      "name_fa": "الغردقه",
      "latitude": 27.2579,
      "longitude": 33.8116,
      "timezone": "Africa/Cairo"
    },
    {
      "name_en": "Port Said",
      "name_fa": "پورت‌سعید",
      "latitude": 31.2565,
      "longitude": 32.2841,
      "timezone": "Africa/Cairo"
    }
  ],
  "JP": [
    {
      "name_en": "Tokyo",
      "name_fa": "توکیو",
      "latitude": 35.6762,
      "longitude": 139.6503,
      "timezone": "Asia/Tokyo"
    },
    {
      "name_en": "Osaka",
      "name_fa": "اوزاکا",
      "latitude": 34.6937,
      "longitude": 135.5023,
      "timezone": "Asia/Tokyo"
    },
    {
      "name_en": "Yokohama",
      "name_fa": "یوکوهاما",
      "latitude": 35.4437,
      "longitude": 139.638,
      "timezone": "Asia/Tokyo"
    },
    {
      "name_en": "Nagoya",
      "name_fa": "ناگویا",
      "latitude": 35.1815,
      "longitude": 136.9066,
      "timezone": "Asia/Tokyo"
    },
    {
      "name_en": "Kyoto",
      "name_fa": "کیوتو",
      "latitude": 35.0116,
      "longitude": 135.7681,
      "timezone": "Asia/Tokyo"
    }
  ],
  "KR": [
    {
      "name_en": "Seoul",
      "name_fa": "سئول",
      "latitude": 37.5665,
      "longitude": 126.978,
      "timezone": "Asia/Seoul"
    },
    {
      "name_en": "Busan",
      "name_fa": "بوسان",
      "latitude": 35.1796,
      "longitude": 129.0756,
      "timezone": "Asia/Seoul"
    },
    {
      "name_en": "Incheon",
      "name_fa": "اینچئون",
      "latitude": 37.4563,
      "longitude": 126.7052,
      "timezone": "Asia/Seoul"
    },
    {
      "name_en": "Daegu",
      "name_fa": "دئگو",
      "latitude": 35.8714,
      "longitude": 128.6014,
      "timezone": "Asia/Seoul"
    }
  ],
  "CN": [
    {
      "name_en": "Beijing",
      "name_fa": "پکن",
      "latitude": 39.9042,
      "longitude": 116.4074,
      "timezone": "Asia/Shanghai"
    },
    {
      "name_en": "Shanghai",
      "name_fa": "شانگهای",
      "latitude": 31.2304,
      "longitude": 121.4737,
      "timezone": "Asia/Shanghai"
    },
    {
      "name_en": "Guangzhou",
      "name_fa": "گوانگژو",
      "latitude": 23.1291,
      "longitude": 113.2644,
      "timezone": "Asia/Shanghai"
    },
    {
      "name_en": "Shenzhen",
      "name_fa": "شنژن",
      "latitude": 22.5431,
      "longitude": 114.0579,
      "timezone": "Asia/Shanghai"
    },
    {
      "name_en": "Chengdu",
      "name_fa": "چنگدو",
      "latitude": 30.5728,
      "longitude": 104.0668,
      "timezone": "Asia/Shanghai"
    }
  ],
  "RU": [
    {
      "name_en": "Moscow",
      "name_fa": "مسکو",
      "latitude": 55.7558,
      "longitude": 37.6173,
      "timezone": "Europe/Moscow"
    },
    {
      "name_en": "Saint Petersburg",
      "name_fa": "سنت پترزبورگ",
      "latitude": 59.9343,
      "longitude": 30.3351,
      "timezone": "Europe/Moscow"
    },
    {
      "name_en": "Novosibirsk",
      "name_fa": "نووسیبیرسک",
      "latitude": 55.0084,
      "longitude": 82.9357,
      "timezone": "Asia/Novosibirsk"
    },
    {
      "name_en": "Yekaterinburg",
      "name_fa": "یکاترینبورگ",
      "latitude": 56.8389,
      "longitude": 60.6057,
      "timezone": "Asia/Yekaterinburg"
    }
  ],
  "BR": [
    {
      "name_en": "São Paulo",
      "name_fa": "سائوپائولو",
      "latitude": -23.5505,
      "longitude": -46.6333,
      "timezone": "America/Sao_Paulo"
    },
    {
      "name_en": "Rio de Janeiro",
      "name_fa": "ریو دو ژانیرو",
      "latitude": -22.9068,
      "longitude": -43.1729,
      "timezone": "America/Sao_Paulo"
    },
    {
      "name_en": "Brasília",
      "name_fa": "برازیلیا",
      "latitude": -15.7975,
      "longitude": -47.8919,
      "timezone": "America/Sao_Paulo"
    },
    {
      "name_en": "Salvador",
      "name_fa": "سالوادور",
      "latitude": -12.9714,
      "longitude": -38.5124,
      "timezone": "America/Bahia"
    }
  ],
  "MX": [
    {
      "name_en": "Mexico City",
      "name_fa": "مکزیکوسیتی",
      "latitude": 19.4326,
      "longitude": -99.1332,
      "timezone": "America/Mexico_City"
    },
    {
      "name_en": "Guadalajara",
      "name_fa": "گوادالاخارا",
      "latitude": 20.6597,
      "longitude": -103.3496,
      "timezone": "America/Mexico_City"
    },
    {
      "name_en": "Monterrey",
      "name_fa": "مونتری",
      "latitude": 25.6866,
      "longitude": -100.3161,
      "timezone": "America/Monterrey"
    },
    {
      "name_en": "Cancún",
      "name_fa": "کنکون",
      "latitude": 21.1619,
      "longitude": -86.8515,
      "timezone": "America/Cancun"
    }
  ],
  "IT": [
    {
      "name_en": "Rome",
      "name_fa": "رم",
      "latitude": 41.9028,
      "longitude": 12.4964,
      "timezone": "Europe/Rome"
    },
    {
      "name_en": "Milan",
      "name_fa": "میلان",
      "latitude": 45.4642,
      "longitude": 9.19,
      "timezone": "Europe/Rome"
    },
    {
      "name_en": "Naples",
      "name_fa": "ناپل",
      "latitude": 40.8518,
      "longitude": 14.2681,
      "timezone": "Europe/Rome"
    },
    {
      "name_en": "Florence",
      "name_fa": "فلورانس",
      "latitude": 43.7696,
      "longitude": 11.2558,
      "timezone": "Europe/Rome"
    },
    {
      "name_en": "Venice",
      "name_fa": "ونیز",
      "latitude": 45.4408,
      "longitude": 12.3155,
      "timezone": "Europe/Rome"
    }
  ],
  "ES": [
    {
      "name_en": "Madrid",
      "name_fa": "مادرید",
      "latitude": 40.4168,
      "longitude": -3.7038,
      "timezone": "Europe/Madrid"
    },
    {
      "name_en": "Barcelona",
      "name_fa": "بارسلونا",
      "latitude": 41.3874,
      "longitude": 2.1686,
      "timezone": "Europe/Madrid"
    },
    {
      "name_en": "Valencia",
      "name_fa": "والنسیا",
      "latitude": 39.4699,
      "longitude": -0.3763,
      "timezone": "Europe/Madrid"
    },
    {
      "name_en": "Seville",
      "name_fa": "سویل",
      "latitude": 37.3891,
      "longitude": -5.9845,
      "timezone": "Europe/Madrid"
    }
  ],
  "NL": [
    {
      "name_en": "Amsterdam",
      "name_fa": "آمستردام",
      "latitude": 52.3676,
      "longitude": 4.9041,
      "timezone": "Europe/Amsterdam"
    },
    {
      "name_en": "Rotterdam",
      "name_fa": "روتردام",
      "latitude": 51.9244,
      "longitude": 4.4777,
      "timezone": "Europe/Amsterdam"
    },
    {
      "name_en": "The Hague",
      "name_fa": "لاهه",
      "latitude": 52.0705,
      "longitude": 4.3007,
      "timezone": "Europe/Amsterdam"
    },
    {
      "name_en": "Utrecht",
      "name_fa": "اوترخت",
      "latitude": 52.0907,
      "longitude": 5.1214,
      "timezone": "Europe/Amsterdam"
    }
  ],
  "SE": [
    {
      "name_en": "Stockholm",
      "name_fa": "استکهلم",
      "latitude": 59.3293,
      "longitude": 18.0686,
      "timezone": "Europe/Stockholm"
    },
    {
      "name_en": "Gothenburg",
      "name_fa": "یوتبری",
      "latitude": 57.7089,
      "longitude": 11.9746,
      "timezone": "Europe/Stockholm"
    },
    {
      "name_en": "Malmö",
      "name_fa": "مالمو",
      "latitude": 55.605,
      "longitude": 13.0038,
      "timezone": "Europe/Stockholm"
    }
  ],
  "NO": [
    {
      "name_en": "Oslo",
      "name_fa": "اسلو",
      "latitude": 59.9139,
      "longitude": 10.7522,
      "timezone": "Europe/Oslo"
    },
    {
      "name_en": "Bergen",
      "name_fa": "برگن",
      "latitude": 60.3913,
      "longitude": 5.3221,
      "timezone": "Europe/Oslo"
    },
    {
      "name_en": "Trondheim",
      "name_fa": "تروندهایم",
      "latitude": 63.4305,
      "longitude": 10.3951,
      "timezone": "Europe/Oslo"
    }
  ],
  "PL": [
    {
      "name_en": "Warsaw",
      "name_fa": "ورشو",
      "latitude": 52.2297,
      "longitude": 21.0122,
      "timezone": "Europe/Warsaw"
    },
    {
      "name_en": "Kraków",
      "name_fa": "کراکوف",
      "latitude": 50.0647,
      "longitude": 19.945,
      "timezone": "Europe/Warsaw"
    },
    {
      "name_en": "Wrocław",
      "name_fa": "وروتسواف",
      "latitude": 51.1079,
      "longitude": 17.0385,
      "timezone": "Europe/Warsaw"
    },
    {
      "name_en": "Gdańsk",
      "name_fa": "گدانسک",
      "latitude": 54.352,
      "longitude": 18.6466,
      "timezone": "Europe/Warsaw"
    }
  ],
  "UA": [
    {
      "name_en": "Kyiv",
      "name_fa": "کیف",
      "latitude": 50.4501,
      "longitude": 30.5234,
      "timezone": "Europe/Kyiv"
    },
    {
      "name_en": "Kharkiv",
      "name_fa": "خارکیف",
      "latitude": 49.9935,
      "longitude": 36.2304,
      "timezone": "Europe/Kyiv"
    },
    {
      "name_en": "Odesa",
      "name_fa": "اودسا",
      "latitude": 46.4825,
      "longitude": 30.7233,
      "timezone": "Europe/Kyiv"
    },
    {
      "name_en": "Lviv",
      "name_fa": "لویو",
      "latitude": 49.8397,
      "longitude": 24.0297,
      "timezone": "Europe/Kyiv"
    }
  ],
  "GR": [
    {
      "name_en": "Athens",
      "name_fa": "آتن",
      "latitude": 37.9838,
      "longitude": 23.7275,
      "timezone": "Europe/Athens"
    },
    {
      "name_en": "Thessaloniki",
      "name_fa": "تسالونیکی",
      "latitude": 40.6401,
      "longitude": 22.9444,
      "timezone": "Europe/Athens"
    },
    {
      "name_en": "Heraklion",
      "name_fa": "هراکلیون",
      "latitude": 35.3387,
      "longitude": 25.1442,
      "timezone": "Europe/Athens"
    }
  ],
  "PT": [
    {
      "name_en": "Lisbon",
      "name_fa": "لیسبون",
      "latitude": 38.7223,
      "longitude": -9.1393,
      "timezone": "Europe/Lisbon"
    },
    {
      "name_en": "Porto",
      "name_fa": "پورتو",
      "latitude": 41.1579,
      "longitude": -8.6291,
      "timezone": "Europe/Lisbon"
    },
    {
      "name_en": "Faro",
      "name_fa": "فارو",
      "latitude": 37.0194,
      "longitude": -7.9322,
      "timezone": "Europe/Lisbon"
    }
  ],
  "CH": [
    {
      "name_en": "Zurich",
      "name_fa": "زوریخ",
      "latitude": 47.3769,
      "longitude": 8.5417,
      "timezone": "Europe/Zurich"
    },
    {
      "name_en": "Geneva",
      "name_fa": "ژنو",
      "latitude": 46.2044,
      "longitude": 6.1432,
      "timezone": "Europe/Zurich"
    },
    {
      "name_en": "Bern",
      "name_fa": "برن",
      "latitude": 46.948,
      "longitude": 7.4474,
      "timezone": "Europe/Zurich"
    },
    {
      "name_en": "Basel",
      "name_fa": "بازل",
      "latitude": 47.5596,
      "longitude": 7.5886,
      "timezone": "Europe/Zurich"
    }
  ],
  "AT": [
    {
      "name_en": "Vienna",
      "name_fa": "وین",
      "latitude": 48.2082,
      "longitude": 16.3738,
      "timezone": "Europe/Vienna"
    },
    {
      "name_en": "Graz",
      "name_fa": "گراتس",
      "latitude": 47.0707,
      "longitude": 15.4395,
      "timezone": "Europe/Vienna"
    },
    {
      "name_en": "Salzburg",
      "name_fa": "سالزبورگ",
      "latitude": 47.8095,
      "longitude": 13.055,
      "timezone": "Europe/Vienna"
    },
    {
      "name_en": "Innsbruck",
      "name_fa": "اینسبروک",
      "latitude": 47.2692,
      "longitude": 11.4041,
      "timezone": "Europe/Vienna"
    }
  ],
  "BE": [
    {
      "name_en": "Brussels",
      "name_fa": "بروکسل",
      "latitude": 50.8503,
      "longitude": 4.3517,
      "timezone": "Europe/Brussels"
    },
    {
      "name_en": "Antwerp",
      "name_fa": "آنتورپ",
      "latitude": 51.2194,
      "longitude": 4.4025,
      "timezone": "Europe/Brussels"
    },
    {
      "name_en": "Ghent",
      "name_fa": "گنت",
      "latitude": 51.0543,
      "longitude": 3.7174,
      "timezone": "Europe/Brussels"
    }
  ],
  "IE": [
    {
      "name_en": "Dublin",
      "name_fa": "دوبلین",
      "latitude": 53.3498,
      "longitude": -6.2603,
      "timezone": "Europe/Dublin"
    },
    {
      "name_en": "Cork",
      "name_fa": "کورک",
      "latitude": 51.8985,
      "longitude": -8.4756,
      "timezone": "Europe/Dublin"
    },
    {
      "name_en": "Galway",
      "name_fa": "گالوی",
      "latitude": 53.2707,
      "longitude": -9.0568,
      "timezone": "Europe/Dublin"
    }
  ],
  "NZ": [
    {
      "name_en": "Auckland",
      "name_fa": "اوکلند",
      "latitude": -36.8485,
      "longitude": 174.7633,
      "timezone": "Pacific/Auckland"
    },
    {
      "name_en": "Wellington",
      "name_fa": "ولینگتون",
      "latitude": -41.2865,
      "longitude": 174.7762,
      "timezone": "Pacific/Auckland"
    },
    {
      "name_en": "Christchurch",
      "name_fa": "کرایست‌چرچ",
      "latitude": -43.5321,
      "longitude": 172.6362,
      "timezone": "Pacific/Auckland"
    }
  ],
  "SG": [
    {
      "name_en": "Singapore",
      "name_fa": "سنگاپور",
      "latitude": 1.3521,
      "longitude": 103.8198,
      "timezone": "Asia/Singapore"
    }
  ],
  "MY": [
    {
      "name_en": "Kuala Lumpur",
      "name_fa": "کوالالامپور",
      "latitude": 3.139,
      "longitude": 101.6869,
      "timezone": "Asia/Kuala_Lumpur"
    },
    {
      "name_en": "George Town",
      "name_fa": "جورج تاون",
      "latitude": 5.4141,
      "longitude": 100.3288,
      "timezone": "Asia/Kuala_Lumpur"
    },
    {
      "name_en": "Johor Bahru",
      "name_fa": "جوهر بارو",
      "latitude": 1.4927,
      "longitude": 103.7414,
      "timezone": "Asia/Kuala_Lumpur"
    }
  ],
  "TH": [
    {
      "name_en": "Bangkok",
      "name_fa": "بانکوک",
      "latitude": 13.7563,
      "longitude": 100.5018,
      "timezone": "Asia/Bangkok"
    },
    {
      "name_en": "Chiang Mai",
      "name_fa": "چیانگ مای",
      "latitude": 18.7883,
      "longitude": 98.9853,
      "timezone": "Asia/Bangkok"
    },
    {
      "name_en": "Phuket",
      "name_fa": "پوکت",
      "latitude": 7.8804,
      "longitude": 98.3923,
      "timezone": "Asia/Bangkok"
    },
    {
      "name_en": "Pattaya",
      "name_fa": "پاتایا",
      "latitude": 12.9236,
      "longitude": 100.8825,
      "timezone": "Asia/Bangkok"
    }
  ],
  "ID": [
    {
      "name_en": "Jakarta",
      "name_fa": "جاکارتا",
      "latitude": -6.2088,
      "longitude": 106.8456,
      "timezone": "Asia/Jakarta"
    },
    {
      "name_en": "Surabaya",
      "name_fa": "سورابایا",
      "latitude": -7.2575,
      "longitude": 112.7521,
      "timezone": "Asia/Jakarta"
    },
    {
      "name_en": "Bandung",
      "name_fa": "باندونگ",
      "latitude": -6.9175,
      "longitude": 107.6191,
      "timezone": "Asia/Jakarta"
    },
    {
      "name_en": "Bali",
      "name_fa": "بالی",
      "latitude": -8.3405,
      "longitude": 115.092,
      "timezone": "Asia/Makassar"
    }
  ],
  "PH": [
    {
      "name_en": "Manila",
      "name_fa": "مانیل",
      "latitude": 14.5995,
      "longitude": 120.9842,
      "timezone": "Asia/Manila"
    },
    {
      "name_en": "Quezon City",
      "name_fa": "کوئزون سیتی",
      "latitude": 14.676,
      "longitude": 121.0437,
      "timezone": "Asia/Manila"
    },
    {
      "name_en": "Cebu City",
      "name_fa": "سبو سیتی",
      "latitude": 10.3157,
      "longitude": 123.8854,
      "timezone": "Asia/Manila"
    },
    {
      "name_en": "Davao",
      "name_fa": "داوائو",
      "latitude": 7.1907,
      "longitude": 125.4553,
      "timezone": "Asia/Manila"
    }
  ],
  "VN": [
    {
      "name_en": "Ho Chi Minh City",
      "name_fa": "هوشی‌مین",
      "latitude": 10.8231,
      "longitude": 106.6297,
      "timezone": "Asia/Ho_Chi_Minh"
    },
    {
      "name_en": "Hanoi",
      "name_fa": "هانوی",
      "latitude": 21.0278,
      "longitude": 105.8342,
      "timezone": "Asia/Ho_Chi_Minh"
    },
    {
      "name_en": "Da Nang",
      "name_fa": "دانانگ",
      "latitude": 16.0544,
      "longitude": 108.2022,
      "timezone": "Asia/Ho_Chi_Minh"
    }
  ],
  "BD": [
    {
      "name_en": "Dhaka",
      "name_fa": "داکا",
      "latitude": 23.8103,
      "longitude": 90.4125,
      "timezone": "Asia/Dhaka"
    },
    {
      "name_en": "Chittagong",
      "name_fa": "چیتاگانگ",
      "latitude": 22.3569,
      "longitude": 91.7832,
      "timezone": "Asia/Dhaka"
    },
    {
      "name_en": "Khulna",
      "name_fa": "خولنا",
      "latitude": 22.8456,
      "longitude": 89.5403,
      "timezone": "Asia/Dhaka"
    }
  ],
  "LK": [
    {
      "name_en": "Colombo",
      "name_fa": "کلمبو",
      "latitude": 6.9271,
      "longitude": 79.8612,
      "timezone": "Asia/Colombo"
    },
    {
      "name_en": "Kandy",
      "name_fa": "کندی",
      "latitude": 7.2906,
      "longitude": 80.6337,
      "timezone": "Asia/Colombo"
    },
    {
      "name_en": "Galle",
      "name_fa": "گال",
      "latitude": 6.0535,
      "longitude": 80.221,
      "timezone": "Asia/Colombo"
    }
  ],
  "NP": [
    {
      "name_en": "Kathmandu",
      "name_fa": "کاتماندو",
      "latitude": 27.7172,
      "longitude": 85.324,
      "timezone": "Asia/Kathmandu"
    },
    {
      "name_en": "Pokhara",
      "name_fa": "پوخارا",
      "latitude": 28.2096,
      "longitude": 83.9856,
      "timezone": "Asia/Kathmandu"
    },
    {
      "name_en": "Lalitpur",
      "name_fa": "لالیتپور",
      "latitude": 27.6588,
      "longitude": 85.3247,
      "timezone": "Asia/Kathmandu"
    }
  ],
  "KZ": [
    {
      "name_en": "Almaty",
      "name_fa": "آلماتی",
      "latitude": 43.222,
      "longitude": 76.8512,
      "timezone": "Asia/Almaty"
    },
    {
      "name_en": "Astana",
      "name_fa": "آستانه",
      "latitude": 51.1694,
      "longitude": 71.4491,
      "timezone": "Asia/Almaty"
    },
    {
      "name_en": "Shymkent",
      "name_fa": "شیمکنت",
      "latitude": 42.3417,
      "longitude": 69.5901,
      "timezone": "Asia/Almaty"
    }
  ],
  "UZ": [
    {
      "name_en": "Tashkent",
      "name_fa": "تاشکند",
      "latitude": 41.2995,
      "longitude": 69.2401,
      "timezone": "Asia/Tashkent"
    },
    {
      "name_en": "Samarkand",
      "name_fa": "سمرقند",
      "latitude": 39.6542,
      "longitude": 66.9597,
      "timezone": "Asia/Samarkand"
    },
    {
      "name_en": "Bukhara",
      "name_fa": "بخارا",
      "latitude": 39.7745,
      "longitude": 64.4286,
      "timezone": "Asia/Samarkand"
    }
  ],
  "TJ": [
    {
      "name_en": "Dushanbe",
      "name_fa": "دوشنبه",
      "latitude": 38.5598,
      "longitude": 68.774,
      "timezone": "Asia/Dushanbe"
    },
    {
      "name_en": "Khujand",
      "name_fa": "خجند",
      "latitude": 40.2826,
      "longitude": 69.6222,
      "timezone": "Asia/Dushanbe"
    },
    {
      "name_en": "Kulob",
      "name_fa": "کولاب",
      "latitude": 38.5441,
      "longitude": 69.7848,
      "timezone": "Asia/Dushanbe"
    }
  ],
  "TM": [
    {
      "name_en": "Ashgabat",
      "name_fa": "عشق‌آباد",
      "latitude": 37.9601,
      "longitude": 58.3261,
      "timezone": "Asia/Ashgabat"
    },
    {
      "name_en": "Turkmenabat",
      "name_fa": "ترکمن‌آباد",
      "latitude": 39.0734,
      "longitude": 63.5786,
      "timezone": "Asia/Ashgabat"
    },
    {
      "name_en": "Mary",
      "name_fa": "مرو",
      "latitude": 37.5936,
      "longitude": 61.8307,
      "timezone": "Asia/Ashgabat"
    }
  ],
  "KG": [
    {
      "name_en": "Bishkek",
      "name_fa": "بیشکک",
      "latitude": 42.8746,
      "longitude": 74.5698,
      "timezone": "Asia/Bishkek"
    },
    {
      "name_en": "Osh",
      "name_fa": "اوش",
      "latitude": 40.5283,
      "longitude": 72.7985,
      "timezone": "Asia/Bishkek"
    },
    {
      "name_en": "Jalal-Abad",
      "name_fa": "جلال‌آباد",
      "latitude": 40.9333,
      "longitude": 73.0017,
      "timezone": "Asia/Bishkek"
    }
  ],
  "GE": [
    {
      "name_en": "Tbilisi",
      "name_fa": "تفلیس",
      "latitude": 41.7151,
      "longitude": 44.8271,
      "timezone": "Asia/Tbilisi"
    },
    {
      "name_en": "Batumi",
      "name_fa": "باتومی",
      "latitude": 41.6168,
      "longitude": 41.6367,
      "timezone": "Asia/Tbilisi"
    },
    {
      "name_en": "Kutaisi",
      "name_fa": "کوتایسی",
      "latitude": 42.2679,
      "longitude": 42.6946,
      "timezone": "Asia/Tbilisi"
    }
  ],
  "AM": [
    {
      "name_en": "Yerevan",
      "name_fa": "ایروان",
      "latitude": 40.1792,
      "longitude": 44.4991,
      "timezone": "Asia/Yerevan"
    },
    {
      "name_en": "Gyumri",
      "name_fa": "گیومری",
      "latitude": 40.7894,
      "longitude": 43.8475,
      "timezone": "Asia/Yerevan"
    },
    {
      "name_en": "Vanadzor",
      "name_fa": "وانادزور",
      "latitude": 40.8128,
      "longitude": 44.4883,
      "timezone": "Asia/Yerevan"
    }
  ],
  "AZ": [
    {
      "name_en": "Baku",
      "name_fa": "باکو",
      "latitude": 40.4093,
      "longitude": 49.8671,
      "timezone": "Asia/Baku"
    },
    {
      "name_en": "Ganja",
      "name_fa": "گنجه",
      "latitude": 40.6828,
      "longitude": 46.3606,
      "timezone": "Asia/Baku"
    },
    {
      "name_en": "Sumgait",
      "name_fa": "سومقاییت",
      "latitude": 40.5855,
      "longitude": 49.6317,
      "timezone": "Asia/Baku"
    }
  ],
  "IL": [
    {
      "name_en": "Tel Aviv",
      "name_fa": "تل‌آویو",
      "latitude": 32.0853,
      "longitude": 34.7818,
      "timezone": "Asia/Jerusalem"
    },
    {
      "name_en": "Jerusalem",
      "name_fa": "بیت‌المقدس",
      "latitude": 31.7683,
      "longitude": 35.2137,
      "timezone": "Asia/Jerusalem"
    },
    {
      "name_en": "Haifa",
      "name_fa": "حیفا",
      "latitude": 32.794,
      "longitude": 34.9896,
      "timezone": "Asia/Jerusalem"
    }
  ],
  "JO": [
    {
      "name_en": "Amman",
      "name_fa": "عمان",
      "latitude": 31.9454,
      "longitude": 35.9284,
      "timezone": "Asia/Amman"
    },
    {
      "name_en": "Zarqa",
      "name_fa": "زرقا",
      "latitude": 32.0728,
      "longitude": 36.088,
      "timezone": "Asia/Amman"
    },
    {
      "name_en": "Aqaba",
      "name_fa": "عقبه",
      "latitude": 29.5321,
      "longitude": 35.0063,
      "timezone": "Asia/Amman"
    }
  ],
  "LB": [
    {
      "name_en": "Beirut",
      "name_fa": "بیروت",
      "latitude": 33.8938,
      "longitude": 35.5018,
      "timezone": "Asia/Beirut"
    },
    {
      "name_en": "Tripoli",
      "name_fa": "طرابلس",
      "latitude": 34.4367,
      "longitude": 35.8497,
      "timezone": "Asia/Beirut"
    },
    {
      "name_en": "Sidon",
      "name_fa": "صیدا",
      "latitude": 33.5633,
      "longitude": 35.3758,
      "timezone": "Asia/Beirut"
    }
  ],
  "SY": [
    {
      "name_en": "Damascus",
      "name_fa": "دمشق",
      "latitude": 33.5138,
      "longitude": 36.2765,
      "timezone": "Asia/Damascus"
    },
    {
      "name_en": "Aleppo",
      "name_fa": "حلب",
      "latitude": 36.2021,
      "longitude": 37.1343,
      "timezone": "Asia/Damascus"
    },
    {
      "name_en": "Homs",
      "name_fa": "حمص",
      "latitude": 34.7324,
      "longitude": 36.7137,
      "timezone": "Asia/Damascus"
    }
  ],
  "YE": [
    {
      "name_en": "Sanaa",
      "name_fa": "صنعا",
      "latitude": 15.3694,
      "longitude": 44.191,
      "timezone": "Asia/Aden"
    },
    {
      "name_en": "Aden",
      "name_fa": "عدن",
      "latitude": 12.7855,
      "longitude": 45.0187,
      "timezone": "Asia/Aden"
    },
    {
      "name_en": "Taiz",
      "name_fa": "تعز",
      "latitude": 13.5789,
      "longitude": 44.0219,
      "timezone": "Asia/Aden"
    }
  ],
  "OM": [
    {
      "name_en": "Muscat",
      "name_fa": "مسقط",
      "latitude": 23.588,
      "longitude": 58.3829,
      "timezone": "Asia/Muscat"
    },
    {
      "name_en": "Salalah",
      "name_fa": "صلاله",
      "latitude": 17.0151,
      "longitude": 54.0924,
      "timezone": "Asia/Muscat"
    },
    {
      "name_en": "Sohar",
      "name_fa": "صحار",
      "latitude": 24.3643,
      "longitude": 56.7341,
      "timezone": "Asia/Muscat"
    }
  ],
  "KW": [
    {
      "name_en": "Kuwait City",
      "name_fa": "کویت",
      "latitude": 29.3759,
      "longitude": 47.9774,
      "timezone": "Asia/Kuwait"
    },
    {
      "name_en": "Hawalli",
      "name_fa": "حولی",
      "latitude": 29.3328,
      "longitude": 48.0286,
      "timezone": "Asia/Kuwait"
    },
    {
      "name_en": "Salmiya",
      "name_fa": "سالمیه",
      "latitude": 29.334,
      "longitude": 48.0766,
      "timezone": "Asia/Kuwait"
    }
  ],
  "QA": [
    {
      "name_en": "Doha",
      "name_fa": "دوحه",
      "latitude": 25.2854,
      "longitude": 51.531,
      "timezone": "Asia/Qatar"
    },
    {
      "name_en": "Al Wakrah",
      "name_fa": "الوکره",
      "latitude": 25.1659,
      "longitude": 51.603,
      "timezone": "Asia/Qatar"
    },
    {
      "name_en": "Al Khor",
      "name_fa": "الخور",
      "latitude": 25.6804,
      "longitude": 51.4969,
      "timezone": "Asia/Qatar"
    }
  ],
  "BH": [
    {
      "name_en": "Manama",
      "name_fa": "منامه",
      "latitude": 26.2285,
      "longitude": 50.586,
      "timezone": "Asia/Bahrain"
    },
    {
      "name_en": "Riffa",
      "name_fa": "رفاع",
      "latitude": 26.13,
      "longitude": 50.555,
      "timezone": "Asia/Bahrain"
    },
    {
      "name_en": "Muharraq",
      "name_fa": "محرق",
      "latitude": 26.2572,
      "longitude": 50.6119,
      "timezone": "Asia/Bahrain"
    }
  ],
  "LY": [
    {
      "name_en": "Tripoli",
      "name_fa": "طرابلس",
      "latitude": 32.9022,
      "longitude": 13.18,
      "timezone": "Africa/Tripoli"
    },
    {
      "name_en": "Benghazi",
      "name_fa": "بنغازی",
      "latitude": 32.1194,
      "longitude": 20.0868,
      "timezone": "Africa/Tripoli"
    },
    {
      "name_en": "Misrata",
      "name_fa": "مصراته",
      "latitude": 32.3754,
      "longitude": 15.0925,
      "timezone": "Africa/Tripoli"
    }
  ],
  "TN": [
    {
      "name_en": "Tunis",
      "name_fa": "تونس",
      "latitude": 36.8065,
      "longitude": 10.1815,
      "timezone": "Africa/Tunis"
    },
    {
      "name_en": "Sfax",
      "name_fa": "صفاقس",
      "latitude": 34.7406,
      "longitude": 10.76,
      "timezone": "Africa/Tunis"
    },
    {
      "name_en": "Sousse",
      "name_fa": "سوسه",
      "latitude": 35.8288,
      "longitude": 10.6405,
      "timezone": "Africa/Tunis"
    }
  ],
  "MA": [
    {
      "name_en": "Casablanca",
      "name_fa": "کازابلانکا",
      "latitude": 33.5731,
      "longitude": -7.5898,
      "timezone": "Africa/Casablanca"
    },
    {
      "name_en": "Rabat",
      "name_fa": "رباط",
      "latitude": 34.0209,
      "longitude": -6.8416,
      "timezone": "Africa/Casablanca"
    },
    {
      "name_en": "Marrakech",
      "name_fa": "مراکش",
      "latitude": 31.6295,
      "longitude": -7.9811,
      "timezone": "Africa/Casablanca"
    },
    {
      "name_en": "Fez",
      "name_fa": "فاس",
      "latitude": 34.0331,
      "longitude": -5.0003,
      "timezone": "Africa/Casablanca"
    }
  ],
  "DZ": [
    {
      "name_en": "Algiers",
      "name_fa": "الجزایر",
      "latitude": 36.7538,
      "longitude": 3.0588,
      "timezone": "Africa/Algiers"
    },
    {
      "name_en": "Oran",
      "name_fa": "وهران",
      "latitude": 35.6969,
      "longitude": -0.6331,
      "timezone": "Africa/Algiers"
    },
    {
      "name_en": "Constantine",
      "name_fa": "قسنطینه",
      "latitude": 36.365,
      "longitude": 6.6147,
      "timezone": "Africa/Algiers"
    }
  ],
  "NG": [
    {
      "name_en": "Lagos",
      "name_fa": "لاگوس",
      "latitude": 6.5244,
      "longitude": 3.3792,
      "timezone": "Africa/Lagos"
    },
    {
      "name_en": "Abuja",
      "name_fa": "ابوجا",
      "latitude": 9.0579,
      "longitude": 7.4951,
      "timezone": "Africa/Lagos"
    },
    {
      "name_en": "Kano",
      "name_fa": "کانو",
      "latitude": 12.0022,
      "longitude": 8.592,
      "timezone": "Africa/Lagos"
    },
    {
      "name_en": "Ibadan",
      "name_fa": "ایبادان",
      "latitude": 7.3776,
      "longitude": 3.947,
      "timezone": "Africa/Lagos"
    }
  ],
  "KE": [
    {
      "name_en": "Nairobi",
      "name_fa": "نایروبی",
      "latitude": -1.2921,
      "longitude": 36.8219,
      "timezone": "Africa/Nairobi"
    },
    {
      "name_en": "Mombasa",
      "name_fa": "مومباسا",
      "latitude": -4.0435,
      "longitude": 39.6682,
      "timezone": "Africa/Nairobi"
    },
    {
      "name_en": "Kisumu",
      "name_fa": "کیسومو",
      "latitude": -0.1022,
      "longitude": 34.7617,
      "timezone": "Africa/Nairobi"
    }
  ],
  "ET": [
    {
      "name_en": "Addis Ababa",
      "name_fa": "آدیس آبابا",
      "latitude": 9.025,
      "longitude": 38.7469,
      "timezone": "Africa/Addis_Ababa"
    },
    {
      "name_en": "Dire Dawa",
      "name_fa": "دیره داوا",
      "latitude": 9.5931,
      "longitude": 41.8661,
      "timezone": "Africa/Addis_Ababa"
    },
    {
      "name_en": "Gondar",
      "name_fa": "گوندار",
      "latitude": 12.603,
      "longitude": 37.4521,
      "timezone": "Africa/Addis_Ababa"
    }
  ],
  "TZ": [
    {
      "name_en": "Dar es Salaam",
      "name_fa": "دارالسلام",
      "latitude": -6.7924,
      "longitude": 39.2083,
      "timezone": "Africa/Dar_es_Salaam"
    },
    {
      "name_en": "Dodoma",
      "name_fa": "دودوما",
      "latitude": -6.163,
      "longitude": 35.7516,
      "timezone": "Africa/Dar_es_Salaam"
    },
    {
      "name_en": "Zanzibar City",
      "name_fa": "زنگبار",
      "latitude": -6.1659,
      "longitude": 39.2026,
      "timezone": "Africa/Dar_es_Salaam"
    }
  ],
  "ZA": [
    {
      "name_en": "Johannesburg",
      "name_fa": "ژوهانسبورگ",
      "latitude": -26.2041,
      "longitude": 28.0473,
      "timezone": "Africa/Johannesburg"
    },
    {
      "name_en": "Cape Town",
      "name_fa": "کیپ‌تاون",
      "latitude": -33.9249,
      "longitude": 18.4241,
      "timezone": "Africa/Johannesburg"
    },
    {
      "name_en": "Durban",
      "name_fa": "دوربان",
      "latitude": -29.8587,
      "longitude": 31.0218,
      "timezone": "Africa/Johannesburg"
    },
    {
      "name_en": "Pretoria",
      "name_fa": "پرتوریا",
      "latitude": -25.7479,
      "longitude": 28.2293,
      "timezone": "Africa/Johannesburg"
    }
  ],
  "GH": [
    {
      "name_en": "Accra",
      "name_fa": "آکرا",
      "latitude": 5.6037,
      "longitude": -0.187,
      "timezone": "Africa/Accra"
    },
    {
      "name_en": "Kumasi",
      "name_fa": "کوماسی",
      "latitude": 6.6885,
      "longitude": -1.6244,
      "timezone": "Africa/Accra"
    },
    {
      "name_en": "Tamale",
      "name_fa": "تامالی",
      "latitude": 9.4008,
      "longitude": -0.8393,
      "timezone": "Africa/Accra"
    }
  ],
  "SN": [
    {
      "name_en": "Dakar",
      "name_fa": "داکار",
      "latitude": 14.7167,
      "longitude": -17.4677,
      "timezone": "Africa/Dakar"
    },
    {
      "name_en": "Thiès",
      "name_fa": "تیس",
      "latitude": 14.791,
      "longitude": -16.926,
      "timezone": "Africa/Dakar"
    },
    {
      "name_en": "Saint-Louis",
      "name_fa": "سن لوئی",
      "latitude": 16.0326,
      "longitude": -16.4818,
      "timezone": "Africa/Dakar"
    }
  ],
  "CI": [
    {
      "name_en": "Abidjan",
      "name_fa": "آبیجان",
      "latitude": 5.36,
      "longitude": -4.0083,
      "timezone": "Africa/Abidjan"
    },
    {
      "name_en": "Yamoussoukro",
      "name_fa": "یاموسوکرو",
      "latitude": 6.8276,
      "longitude": -5.2893,
      "timezone": "Africa/Abidjan"
    },
    {
      "name_en": "Bouaké",
      "name_fa": "بواکه",
      "latitude": 7.6939,
      "longitude": -5.0308,
      "timezone": "Africa/Abidjan"
    }
  ],
  "CM": [
    {
      "name_en": "Yaoundé",
      "name_fa": "یائونده",
      "latitude": 3.848,
      "longitude": 11.5021,
      "timezone": "Africa/Douala"
    },
    {
      "name_en": "Douala",
      "name_fa": "دوآلا",
      "latitude": 4.0511,
      "longitude": 9.7679,
      "timezone": "Africa/Douala"
    },
    {
      "name_en": "Bamenda",
      "name_fa": "بامندا",
      "latitude": 5.9631,
      "longitude": 10.1591,
      "timezone": "Africa/Douala"
    }
  ]
}