[
  {
    "code": "AF",
    "name_en": "Afghanistan",
    "name_fa": "افغانستان",
    "latitude": 34.5553,
    "longitude": 69.2075,
    "timezone": "Asia/Kabul",
    "timezone_offset_hours": 4,
    "timezone_offset_minutes": 30,
    "phone_code": "+93"
  },
  {
    "code": "AX",
    "name_en": "Aland Islands",
    "name_fa": "جزایر آلند",
    "latitude": 60.1785,
    "longitude": 19.9156,
    "timezone": "Europe/Mariehamn",
    "timezone_offset_hours": 2,
    "timezone_offset_minutes": 0,
    "phone_code": "+358-18"
  },
  {
    "code": "AL",
    "name_en": "Albania",
    "name_fa": "آلبانی",
    "latitude": 41.3275,
    "longitude": 19.8187,
    "timezone": "Europe/Tirane",
    "timezone_offset_hours": 1,
    "timezone_offset_minutes": 0,
    "phone_code": "+355"
  },
  {
    "code": "DZ",
    "name_en": "Algeria",
    "name_fa": "الجزایر",
    "latitude": 36.7538,
    "longitude": 3.0588,
    "timezone": "Africa/Algiers",
    "timezone_offset_hours": 1,
    "timezone_offset_minutes": 0,
    "phone_code": "+213"
  },
  {
    "code": "AS",
    "name_en": "American Samoa",
    "name_fa": "ساموآی آمریکا",
    "latitude": -14.271,
    "longitude": -170.1322,
    "timezone": "Pacific/Pago_Pago",
    "timezone_offset_hours": -11,
    "timezone_offset_minutes": 0,
    "phone_code": "+1-684"
  },
  {
    "code": "AD",
    "name_en": "Andorra",
    "name_fa": "آندورا",
    "latitude": 42.5063,
    "longitude": 1.5218,
    "timezone": "Europe/Andorra",
    "timezone_offset_hours": 1,
    "timezone_offset_minutes": 0,
    "phone_code": "+376"
  },
  {
    "code": "AO",
    "name_en": "Angola",
    "name_fa": "آنگولا",
    "latitude": -8.839,
    "longitude": 13.2894,
    "timezone": "Africa/Luanda",
    "timezone_offset_hours": 1,
    "timezone_offset_minutes": 0,
    "phone_code": "+244"
  },
  {
    "code": "AI",
    "name_en": "Anguilla",
    "name_fa": "آنگویلا",
    "latitude": 18.2206,
    "longitude": -63.0686,
    "timezone": "America/Anguilla",
    "timezone_offset_hours": -4,
    "timezone_offset_minutes": 0,
    "phone_code": "+1-264"
  },
  {
    "code": "AQ",
    "name_en": "Antarctica",
    "name_fa": "جنوبگان",
    "latitude": -75.2509,
    "longitude": -0.0713,
    "timezone": "Antarctica/Palmer",
    "timezone_offset_hours": -3,
    "timezone_offset_minutes": 0,
    "phone_code": "+672"
  },
  {
    "code": "AG",
    "name_en": "Antigua and Barbuda",
    "name_fa": "آنتیگوا و باربودا",
    "latitude": 17.1274,
    "longitude": -61.8468,
    "timezone": "America/Antigua",
    "timezone_offset_hours": -4,
    "timezone_offset_minutes": 0,
    "phone_code": "+1-268"
  },
  {
    "code": "AR",
    "name_en": "Argentina",
    "name_fa": "آرژانتین",
    "latitude": -34.6037,
    "longitude": -58.3816,
    "timezone": "America/Argentina/Buenos_Aires",
    "timezone_offset_hours": -3,
    "timezone_offset_minutes": 0,
    "phone_code": "+54"
  },
  {
    "code": "AM",
    "name_en": "Armenia",
    "name_fa": "ارمنستان",
    "latitude": 40.1792,
    "longitude": 44.4991,
    "timezone": "Asia/Yerevan",
    "timezone_offset_hours": 4,
    "timezone_offset_minutes": 0,
    "phone_code": "+374"
  },
  {
    "code": "AW",
    "name_en": "Aruba",
    "name_fa": "آروبا",
    "latitude": 12.5211,
    "longitude": -69.9683,
    "timezone": "America/Aruba",
    "timezone_offset_hours": -4,
    "timezone_offset_minutes": 0,
    "phone_code": "+297"
  },
  {
    "code": "AU",
    "name_en": "Australia",
    "name_fa": "استرالیا",
    "latitude": -35.2809,
    "longitude": 149.13,
    "timezone": "Australia/Sydney",
    "timezone_offset_hours": 10,
    "timezone_offset_minutes": 0,
    "phone_code": "+61"
  },
  {
    "code": "AT",
    "name_en": "Austria",
    "name_fa": "اتریش",
    "latitude": 48.2082,
    "longitude": 16.3738,
    "timezone": "Europe/Vienna",
    "timezone_offset_hours": 1,
    "timezone_offset_minutes": 0,
    "phone_code": "+43"
  },
  {
    "code": "AZ",
    "name_en": "Azerbaijan",
    "name_fa": "آذربایجان",
    "latitude": 40.4093,
    "longitude": 49.8671,
    "timezone": "Asia/Baku",
    "timezone_offset_hours": 4,
    "timezone_offset_minutes": 0,
    "phone_code": "+994"
  },
  {
    "code": "BS",
    "name_en": "Bahamas",
    "name_fa": "باهاما",
    "latitude": 25.0343,
    "longitude": -77.3963,
    "timezone": "America/Nassau",
    "timezone_offset_hours": -5,
    "timezone_offset_minutes": 0,
    "phone_code": "+1-242"
  },
  {
    "code": "BH",
    "name_en": "Bahrain",
    "name_fa": "بحرین",
    "latitude": 26.2285,
    "longitude": 50.586,
    "timezone": "Asia/Bahrain",
    "timezone_offset_hours": 3,
    "timezone_offset_minutes": 0,
    "phone_code": "+973"
  },
  {
    "code": "BD",
    "name_en": "Bangladesh",
    "name_fa": "بنگلادش",
    "latitude": 23.8103,
    "longitude": 90.4125,
    "timezone": "Asia/Dhaka",
    "timezone_offset_hours": 6,
    "timezone_offset_minutes": 0,
    "phone_code": "+880"
  },
  {
    "code": "BB",
    "name_en": "Barbados",
    "name_fa": "باربادوس",
    "latitude": 13.1132,
    "longitude": -59.5988,
    "timezone": "America/Barbados",
    "timezone_offset_hours": -4,
    "timezone_offset_minutes": 0,
    "phone_code": "+1-246"
  },
  {
    "code": "BY",
    "name_en": "Belarus",
    "name_fa": "بلاروس",
    "latitude": 53.9006,
    "longitude": 27.559,
    "timezone": "Europe/Minsk",
    "timezone_offset_hours": 3,
    "timezone_offset_minutes": 0,
    "phone_code": "+375"
  },
  {
    "code": "BE",
    "name_en": "Belgium",
    "name_fa": "بلژیک",
    "latitude": 50.8503,
    "longitude": 4.3517,
    "timezone": "Europe/Brussels",
    "timezone_offset_hours": 1,
    "timezone_offset_minutes": 0,
    "phone_code": "+32"
  },
  {
    "code": "BZ",
    "name_en": "Belize",
    "name_fa": "بلیز",
    "latitude": 17.251,
    "longitude": -88.759,
    "timezone": "America/Belize",
    "timezone_offset_hours": -6,
    "timezone_offset_minutes": 0,
    "phone_code": "+501"
  },
  {
    "code": "BJ",
    "name_en": "Benin",
    "name_fa": "بنین",
    "latitude": 6.4969,
    "longitude": 2.6289,
    "timezone": "Africa/Porto-Novo",
    "timezone_offset_hours": 1,
    "timezone_offset_minutes": 0,
    "phone_code": "+229"
  },
  {
    "code": "BM",
    "name_en": "Bermuda",
    "name_fa": "برمودا",
    "latitude": 32.2949,
    "longitude": -64.782,
    "timezone": "Atlantic/Bermuda",
    "timezone_offset_hours": -4,
    "timezone_offset_minutes": 0,
    "phone_code": "+1-441"
  },
  {
    "code": "BT",
    "name_en": "Bhutan",
    "name_fa": "بوتان",
    "latitude": 27.4728,
    "longitude": 89.639,
    "timezone": "Asia/Thimphu",
    "timezone_offset_hours": 6,
    "timezone_offset_minutes": 0,
    "phone_code": "+975"
  },
  {
    "code": "BO",
    "name_en": "Bolivia",
    "name_fa": "بولیوی",
    "latitude": -16.4897,
    "longitude": -68.1193,
    "timezone": "America/La_Paz",
    "timezone_offset_hours": -4,
    "timezone_offset_minutes": 0,
    "phone_code": "+591"
  },
  {
    "code": "BQ",
    "name_en": "Bonaire, Sint Eustatius and Saba",
    "name_fa": "بونیر، سنت یوستیشس و سابا",
    "latitude": 12.2019,
    "longitude": -68.2624,
    "timezone": "America/Kralendijk",
    "timezone_offset_hours": -4,
    "timezone_offset_minutes": 0,
    "phone_code": "+599"
  },
  {
    "code": "BA",
    "name_en": "Bosnia and Herzegovina",
    "name_fa": "بوسنی و هرزگوین",
    "latitude": 43.8563,
    "longitude": 18.4131,
    "timezone": "Europe/Sarajevo",
    "timezone_offset_hours": 1,
    "timezone_offset_minutes": 0,
    "phone_code": "+387"
  },
  {
    "code": "BW",
    "name_en": "Botswana",
    "name_fa": "بوتسوانا",
    "latitude": -24.6282,
    "longitude": 25.9231,
    "timezone": "Africa/Gaborone",
    "timezone_offset_hours": 2,
    "timezone_offset_minutes": 0,
    "phone_code": "+267"
  },
  {
    "code": "BV",
    "name_en": "Bouvet Island",
    "name_fa": "جزیره بووه",
    "latitude": -54.4208,
    "longitude": 3.3464,
    "timezone": "UTC",
    "timezone_offset_hours": 0,
    "timezone_offset_minutes": 0,
    "phone_code": "+47"
  },
  {
    "code": "BR",
    "name_en": "Brazil",
    "name_fa": "برزیل",
    "latitude": -15.8267,
    "longitude": -47.9218,
    "timezone": "America/Sao_Paulo",
    "timezone_offset_hours": -3,
    "timezone_offset_minutes": 0,
    "phone_code": "+55"
  },
  {
    "code": "IO",
    "name_en": "British Indian Ocean Territory",
    "name_fa": "قلمرو بریتانیا در اقیانوس هند",
    "latitude": -7.3195,
    "longitude": 72.4229,
    "timezone": "Indian/Chagos",
    "timezone_offset_hours": 6,
    "timezone_offset_minutes": 0,
    "phone_code": "+246"
  },
  {
    "code": "VG",
    "name_en": "British Virgin Islands",
    "name_fa": "جزایر ویرجین بریتانیا",
    "latitude": 18.4286,
    "longitude": -64.6185,
    "timezone": "America/Tortola",
    "timezone_offset_hours": -4,
    "timezone_offset_minutes": 0,
    "phone_code": "+1-284"
  },
  {
    "code": "BN",
    "name_en": "Brunei",
    "name_fa": "برونئی",
    "latitude": 4.9031,
    "longitude": 114.9398,
    "timezone": "Asia/Brunei",
    "timezone_offset_hours": 8,
    "timezone_offset_minutes": 0,
    "phone_code": "+673"
  },
  {
    "code": "BG",
    "name_en": "Bulgaria",
    "name_fa": "بلغارستان",
    "latitude": 42.6977,
    "longitude": 23.3219,
    "timezone": "Europe/Sofia",
    "timezone_offset_hours": 2,
    "timezone_offset_minutes": 0,
    "phone_code": "+359"
  },
  {
    "code": "BF",
    "name_en": "Burkina Faso",
    "name_fa": "بورکینافاسو",
    "latitude": 12.3714,
    "longitude": -1.5197,
    "timezone": "Africa/Ouagadougou",
    "timezone_offset_hours": 0,
    "timezone_offset_minutes": 0,
    "phone_code": "+226"
  },
  {
    "code": "BI",
    "name_en": "Burundi",
    "name_fa": "بوروندی",
    "latitude": -3.3731,
    "longitude": 29.3644,
    "timezone": "Africa/Bujumbura",
    "timezone_offset_hours": 2,
    "timezone_offset_minutes": 0,
    "phone_code": "+257"
  },
  {
    "code": "CV",
    "name_en": "Cabo Verde",
    "name_fa": "کیپ ورد",
    "latitude": 14.933,
    "longitude": -23.5133,
    "timezone": "Atlantic/Cape_Verde",
    "timezone_offset_hours": -1,
    "timezone_offset_minutes": 0,
    "phone_code": "+238"
  },
  {
    "code": "KH",
    "name_en": "Cambodia",
    "name_fa": "کامبوج",
    "latitude": 11.5564,
    "longitude": 104.9282,
    "timezone": "Asia/Phnom_Penh",
    "timezone_offset_hours": 7,
    "timezone_offset_minutes": 0,
    "phone_code": "+855"
  },
  {
    "code": "CM",
    "name_en": "Cameroon",
    "name_fa": "کامرون",
    "latitude": 3.848,
    "longitude": 11.5021,
    "timezone": "Africa/Douala",
    "timezone_offset_hours": 1,
    "timezone_offset_minutes": 0,
    "phone_code": "+237"
  },
  {
    "code": "CA",
    "name_en": "Canada",
    "name_fa": "کانادا",
    "latitude": 45.4215,
    "longitude": -75.6972,
    "timezone": "America/Toronto",
    "timezone_offset_hours": -5,
    "timezone_offset_minutes": 0,
    "phone_code": "+1"
  },
  {
    "code": "KY",
    "name_en": "Cayman Islands",
    "name_fa": "جزایر کیمن",
    "latitude": 19.3133,
    "longitude": -81.2546,
    "timezone": "America/Cayman",
    "timezone_offset_hours": -5,
    "timezone_offset_minutes": 0,
    "phone_code": "+1-345"
  },
  {
    "code": "CF",
    "name_en": "Central African Republic",
    "name_fa": "جمهوری آفریقای مرکزی",
    "latitude": 4.3947,
    "longitude": 18.5582,
    "timezone": "Africa/Bangui",
    "timezone_offset_hours": 1,
    "timezone_offset_minutes": 0,
    "phone_code": "+236"
  },
  {
    "code": "TD",
    "name_en": "Chad",
    "name_fa": "چاد",
    "latitude": 12.1348,
    "longitude": 15.0557,
    "timezone": "Africa/Ndjamena",
    "timezone_offset_hours": 1,
    "timezone_offset_minutes": 0,
    "phone_code": "+235"
  },
  {
    "code": "CL",
    "name_en": "Chile",
    "name_fa": "شیلی",
    "latitude": -33.4489,
    "longitude": -70.6693,
    "timezone": "America/Santiago",
    "timezone_offset_hours": -4,
    "timezone_offset_minutes": 0,
    "phone_code": "+56"
  },
  {
    "code": "CN",
    "name_en": "China",
    "name_fa": "چین",
    "latitude": 39.9042,
    "longitude": 116.4074,
    "timezone": "Asia/Shanghai",
    "timezone_offset_hours": 8,
    "timezone_offset_minutes": 0,
    "phone_code": "+86"
  },
  {
    "code": "CX",
    "name_en": "Christmas Island",
    "name_fa": "جزیره کریسمس",
    "latitude": -10.4475,
    "longitude": 105.6904,
    "timezone": "Indian/Christmas",
    "timezone_offset_hours": 7,
    "timezone_offset_minutes": 0,
    "phone_code": "+61"
  },
  {
    "code": "CC",
    "name_en": "Cocos (Keeling) Islands",
    "name_fa": "جزایر کوکوس (کیلینگ)",
    "latitude": -12.1642,
    "longitude": 96.871,
    "timezone": "Indian/Cocos",
    "timezone_offset_hours": 6,
    "timezone_offset_minutes": 30,
    "phone_code": "+61"
  },
  {
    "code": "CO",
    "name_en": "Colombia",
    "name_fa": "کلمبیا",
    "latitude": 4.711,
    "longitude": -74.0721,
    "timezone": "America/Bogota",
    "timezone_offset_hours": -5,
    "timezone_offset_minutes": 0,
    "phone_code": "+57"
  },
  {
    "code": "KM",
    "name_en": "Comoros",
    "name_fa": "کومور",
    "latitude": -11.7172,
    "longitude": 43.2473,
    "timezone": "Indian/Comoro",
    "timezone_offset_hours": 3,
    "timezone_offset_minutes": 0,
    "phone_code": "+269"
  },
  {
    "code": "CD",
    "name_en": "Congo (Democratic Republic)",
    "name_fa": "کنگو (جمهوری دموکراتیک)",
    "latitude": -4.4419,
    "longitude": 15.2663,
    "timezone": "Africa/Kinshasa",
    "timezone_offset_hours": 1,
    "timezone_offset_minutes": 0,
    "phone_code": "+243"
  },
  {
    "code": "CG",
    "name_en": "Congo (Republic)",
    "name_fa": "کنگو (جمهوری)",
    "latitude": -4.2634,
    "longitude": 15.2429,
    "timezone": "Africa/Brazzaville",
    "timezone_offset_hours": 1,
    "timezone_offset_minutes": 0,
    "phone_code": "+242"
  },
  {
    "code": "CK",
    "name_en": "Cook Islands",
    "name_fa": "جزایر کوک",
    "latitude": -21.2367,
    "longitude": -159.7777,
    "timezone": "Pacific/Rarotonga",
    "timezone_offset_hours": -10,
    "timezone_offset_minutes": 0,
    "phone_code": "+682"
  },
  {
    "code": "CR",
    "name_en": "Costa Rica",
    "name_fa": "کاستاریکا",
    "latitude": 9.9281,
    "longitude": -84.0907,
    "timezone": "America/Costa_Rica",
    "timezone_offset_hours": -6,
    "timezone_offset_minutes": 0,
    "phone_code": "+506"
  },
  {
    "code": "CI",
    "name_en": "Cote d'Ivoire",
    "name_fa": "ساحل عاج",
    "latitude": 6.8276,
    "longitude": -5.2893,
    "timezone": "Africa/Abidjan",
    "timezone_offset_hours": 0,
    "timezone_offset_minutes": 0,
    "phone_code": "+225"
  },
  {
    "code": "HR",
    "name_en": "Croatia",
    "name_fa": "کرواسی",
    "latitude": 45.815,
    "longitude": 15.9819,
    "timezone": "Europe/Zagreb",
    "timezone_offset_hours": 1,
    "timezone_offset_minutes": 0,
    "phone_code": "+385"
  },
  {
    "code": "CU",
    "name_en": "Cuba",
    "name_fa": "کوبا",
    "latitude": 23.1136,
    "longitude": -82.3666,
    "timezone": "America/Havana",
    "timezone_offset_hours": -5,
    "timezone_offset_minutes": 0,
    "phone_code": "+53"
  },
  {
    "code": "CW",
    "name_en": "Curacao",
    "name_fa": "کوراسائو",
    "latitude": 12.1696,
    "longitude": -68.99,
    "timezone": "America/Curacao",
    "timezone_offset_hours": -4,
    "timezone_offset_minutes": 0,
    "phone_code": "+599"
  },
  {
    "code": "CY",
    "name_en": "Cyprus",
    "name_fa": "قبرس",
    "latitude": 35.1856,
    "longitude": 33.3823,
    "timezone": "Asia/Nicosia",
    "timezone_offset_hours": 2,
    "timezone_offset_minutes": 0,
    "phone_code": "+357"
  },
  {
    "code": "CZ",
    "name_en": "Czech Republic",
    "name_fa": "چک",
    "latitude": 50.0755,
    "longitude": 14.4378,
    "timezone": "Europe/Prague",
    "timezone_offset_hours": 1,
    "timezone_offset_minutes": 0,
    "phone_code": "+420"
  },
  {
    "code": "DK",
    "name_en": "Denmark",
    "name_fa": "دانمارک",
    "latitude": 55.6761,
    "longitude": 12.5683,
    "timezone": "Europe/Copenhagen",
    "timezone_offset_hours": 1,
    "timezone_offset_minutes": 0,
    "phone_code": "+45"
  },
  {
    "code": "DJ",
    "name_en": "Djibouti",
    "name_fa": "جیبوتی",
    "latitude": 11.5721,
    "longitude": 43.1456,
    "timezone": "Africa/Djibouti",
    "timezone_offset_hours": 3,
    "timezone_offset_minutes": 0,
    "phone_code": "+253"
  },
  {
    "code": "DM",
    "name_en": "Dominica",
    "name_fa": "دومینیکا",
    "latitude": 15.301,
    "longitude": -61.387,
    "timezone": "America/Dominica",
    "timezone_offset_hours": -4,
    "timezone_offset_minutes": 0,
    "phone_code": "+1-767"
  },
  {
    "code": "DO",
    "name_en": "Dominican Republic",
    "name_fa": "جمهوری دومینیکن",
    "latitude": 18.4861,
    "longitude": -69.9312,
    "timezone": "America/Santo_Domingo",
    "timezone_offset_hours": -4,
    "timezone_offset_minutes": 0,
    "phone_code": "+1-809"
  },
  {
    "code": "EC",
    "name_en": "Ecuador",
    "name_fa": "اکوادور",
    "latitude": -0.1807,
    "longitude": -78.4678,
    "timezone": "America/Guayaquil",
    "timezone_offset_hours": -5,
    "timezone_offset_minutes": 0,
    "phone_code": "+593"
  },
  {
    "code": "EG",
    "name_en": "Egypt",
    "name_fa": "مصر",
    "latitude": 30.0444,
    "longitude": 31.2357,
    "timezone": "Africa/Cairo",
    "timezone_offset_hours": 2,
    "timezone_offset_minutes": 0,
    "phone_code": "+20"
  },
  {
    "code": "SV",
    "name_en": "El Salvador",
    "name_fa": "السالوادور",
    "latitude": 13.6929,
    "longitude": -89.2182,
    "timezone": "America/El_Salvador",
    "timezone_offset_hours": -6,
    "timezone_offset_minutes": 0,
    "phone_code": "+503"
  },
  {
    "code": "GQ",
    "name_en": "Equatorial Guinea",
    "name_fa": "گینه استوایی",
    "latitude": 3.7504,
    "longitude": 8.7371,
    "timezone": "Africa/Malabo",
    "timezone_offset_hours": 1,
    "timezone_offset_minutes": 0,
    "phone_code": "+240"
  },
  {
    "code": "ER",
    "name_en": "Eritrea",
    "name_fa": "اریتره",
    "latitude": 15.3229,
    "longitude": 38.9251,
    "timezone": "Africa/Asmara",
    "timezone_offset_hours": 3,
    "timezone_offset_minutes": 0,
    "phone_code": "+291"
  },
  {
    "code": "EE",
    "name_en": "Estonia",
    "name_fa": "استونی",
    "latitude": 59.437,
    "longitude": 24.7536,
    "timezone": "Europe/Tallinn",
    "timezone_offset_hours": 2,
    "timezone_offset_minutes": 0,
    "phone_code": "+372"
  },
  {
    "code": "SZ",
    "name_en": "Eswatini",
    "name_fa": "اسواتینی",
    "latitude": -26.3054,
    "longitude": 31.1367,
    "timezone": "Africa/Mbabane",
    "timezone_offset_hours": 2,
    "timezone_offset_minutes": 0,
    "phone_code": "+268"
  },
  {
    "code": "ET",
    "name_en": "Ethiopia",
    "name_fa": "اتیوپی",
    "latitude": 9.025,
    "longitude": 38.7469,
    "timezone": "Africa/Addis_Ababa",
    "timezone_offset_hours": 3,
    "timezone_offset_minutes": 0,
    "phone_code": "+251"
  },
  {
    "code": "FK",
    "name_en": "Falkland Islands",
    "name_fa": "جزایر فالکلند",
    "latitude": -51.7963,
    "longitude": -59.5236,
    "timezone": "Atlantic/Stanley",
    "timezone_offset_hours": -3,
    "timezone_offset_minutes": 0,
    "phone_code": "+500"
  },
  {
    "code": "FO",
    "name_en": "Faroe Islands",
    "name_fa": "جزایر فارو",
    "latitude": 61.8926,
    "longitude": -6.9118,
    "timezone": "Atlantic/Faroe",
    "timezone_offset_hours": 0,
    "timezone_offset_minutes": 0,
    "phone_code": "+298"
  },
  {
    "code": "FJ",
    "name_en": "Fiji",
    "name_fa": "فیجی",
    "latitude": -18.1416,
    "longitude": 178.4419,
    "timezone": "Pacific/Fiji",
    "timezone_offset_hours": 12,
    "timezone_offset_minutes": 0,
    "phone_code": "+679"
  },
  {
    "code": "FI",
    "name_en": "Finland",
    "name_fa": "فنلاند",
    "latitude": 60.1699,
    "longitude": 24.9384,
    "timezone": "Europe/Helsinki",
    "timezone_offset_hours": 2,
    "timezone_offset_minutes": 0,
    "phone_code": "+358"
  },
  {
    "code": "FR",
    "name_en": "France",
    "name_fa": "فرانسه",
    "latitude": 48.8566,
    "longitude": 2.3522,
    "timezone": "Europe/Paris",
    "timezone_offset_hours": 1,
    "timezone_offset_minutes": 0,
    "phone_code": "+33"
  },
  {
    "code": "GF",
    "name_en": "French Guiana",
    "name_fa": "گویان فرانسه",
    "latitude": 4.9372,
    "longitude": -52.326,
    "timezone": "America/Cayenne",
    "timezone_offset_hours": -3,
    "timezone_offset_minutes": 0,
    "phone_code": "+594"
  },
  {
    "code": "PF",
    "name_en": "French Polynesia",
    "name_fa": "پلی‌نزی فرانسه",
    "latitude": -17.5516,
    "longitude": -149.5585,
    "timezone": "Pacific/Tahiti",
    "timezone_offset_hours": -10,
    "timezone_offset_minutes": 0,
    "phone_code": "+689"
  },
  {
    "code": "TF",
    "name_en": "French Southern Territories",
    "name_fa": "سرزمین‌های جنوبی فرانسه",
    "latitude": -49.2804,
    "longitude": 69.3486,
    "timezone": "Indian/Kerguelen",
    "timezone_offset_hours": 5,
    "timezone_offset_minutes": 0,
    "phone_code": "+262"
  },
  {
    "code": "GA",
    "name_en": "Gabon",
    "name_fa": "گابن",
    "latitude": 0.4162,
    "longitude": 9.4673,
    "timezone": "Africa/Libreville",
    "timezone_offset_hours": 1,
    "timezone_offset_minutes": 0,
    "phone_code": "+241"
  },
  {
    "code": "GM",
    "name_en": "Gambia",
    "name_fa": "گامبیا",
    "latitude": 13.4549,
    "longitude": -16.579,
    "timezone": "Africa/Banjul",
    "timezone_offset_hours": 0,
    "timezone_offset_minutes": 0,
    "phone_code": "+220"
  },
  {
    "code": "GE",
    "name_en": "Georgia",
    "name_fa": "گرجستان",
    "latitude": 41.7151,
    "longitude": 44.8271,
    "timezone": "Asia/Tbilisi",
    "timezone_offset_hours": 4,
    "timezone_offset_minutes": 0,
    "phone_code": "+995"
  },
  {
    "code": "DE",
    "name_en": "Germany",
    "name_fa": "آلمان",
    "latitude": 52.52,
    "longitude": 13.405,
    "timezone": "Europe/Berlin",
    "timezone_offset_hours": 1,
    "timezone_offset_minutes": 0,
    "phone_code": "+49"
  },
  {
    "code": "GH",
    "name_en": "Ghana",
    "name_fa": "غنا",
    "latitude": 5.6037,
    "longitude": -0.187,
    "timezone": "Africa/Accra",
    "timezone_offset_hours": 0,
    "timezone_offset_minutes": 0,
    "phone_code": "+233"
  },
  {
    "code": "GI",
    "name_en": "Gibraltar",
    "name_fa": "جبل‌الطارق",
    "latitude": 36.1408,
    "longitude": -5.3536,
    "timezone": "Europe/Gibraltar",
    "timezone_offset_hours": 1,
    "timezone_offset_minutes": 0,
    "phone_code": "+350"
  },
  {
    "code": "GR",
    "name_en": "Greece",
    "name_fa": "یونان",
    "latitude": 37.9838,
    "longitude": 23.7275,
    "timezone": "Europe/Athens",
    "timezone_offset_hours": 2,
    "timezone_offset_minutes": 0,
    "phone_code": "+30"
  },
  {
    "code": "GL",
    "name_en": "Greenland",
    "name_fa": "گرینلند",
    "latitude": 64.1814,
    "longitude": -51.6941,
    "timezone": "America/Nuuk",
    "timezone_offset_hours": -2,
    "timezone_offset_minutes": 0,
    "phone_code": "+299"
  },
  {
    "code": "GD",
    "name_en": "Grenada",
    "name_fa": "گرنادا",
    "latitude": 12.0564,
    "longitude": -61.7485,
    "timezone": "America/Grenada",
    "timezone_offset_hours": -4,
    "timezone_offset_minutes": 0,
    "phone_code": "+1-473"
  },
  {
    "code": "GP",
    "name_en": "Guadeloupe",
    "name_fa": "گوادلوپ",
    "latitude": 16.265,
    "longitude": -61.551,
    "timezone": "America/Guadeloupe",
    "timezone_offset_hours": -4,
    "timezone_offset_minutes": 0,
    "phone_code": "+590"
  },
  {
    "code": "GU",
    "name_en": "Guam",
    "name_fa": "گوآم",
    "latitude": 13.4443,
    "longitude": 144.7937,
    "timezone": "Pacific/Guam",
    "timezone_offset_hours": 10,
    "timezone_offset_minutes": 0,
    "phone_code": "+1-671"
  },
  {
    "code": "GT",
    "name_en": "Guatemala",
    "name_fa": "گواتمالا",
    "latitude": 14.6349,
    "longitude": -90.5069,
    "timezone": "America/Guatemala",
    "timezone_offset_hours": -6,
    "timezone_offset_minutes": 0,
    "phone_code": "+502"
  },
  {
    "code": "GG",
    "name_en": "Guernsey",
    "name_fa": "گرنزی",
    "latitude": 49.4542,
    "longitude": -2.5368,
    "timezone": "Europe/Guernsey",
    "timezone_offset_hours": 0,
    "timezone_offset_minutes": 0,
    "phone_code": "+44-1481"
  },
  {
    "code": "GN",
    "name_en": "Guinea",
    "name_fa": "گینه",
    "latitude": 9.6412,
    "longitude": -13.5784,
    "timezone": "Africa/Conakry",
    "timezone_offset_hours": 0,
    "timezone_offset_minutes": 0,
    "phone_code": "+224"
  },
  {
    "code": "GW",
    "name_en": "Guinea-Bissau",
    "name_fa": "گینه بیسائو",
    "latitude": 11.8037,
    "longitude": -15.1804,
    "timezone": "Africa/Bissau",
    "timezone_offset_hours": 0,
    "timezone_offset_minutes": 0,
    "phone_code": "+245"
  },
  {
    "code": "GY",
    "name_en": "Guyana",
    "name_fa": "گویان",
    "latitude": 6.8013,
    "longitude": -58.1551,
    "timezone": "America/Guyana",
    "timezone_offset_hours": -4,
    "timezone_offset_minutes": 0,
    "phone_code": "+592"
  },
  {
    "code": "HT",
    "name_en": "Haiti",
    "name_fa": "هائیتی",
    "latitude": 18.5944,
    "longitude": -72.3074,
    "timezone": "America/Port-au-Prince",
    "timezone_offset_hours": -5,
    "timezone_offset_minutes": 0,
    "phone_code": "+509"
  },
  {
    "code": "HM",
    "name_en": "Heard Island and McDonald Islands",
    "name_fa": "جزیره هرد و جزایر مک‌دونالد",
    "latitude": -53.1,
    "longitude": 73.5167,
    "timezone": "Indian/Kerguelen",
    "timezone_offset_hours": 5,
    "timezone_offset_minutes": 0,
    "phone_code": "+672"
  },
  {
    "code": "VA",
    "name_en": "Holy See (Vatican City)",
    "name_fa": "واتیکان",
    "latitude": 41.9029,
    "longitude": 12.4534,
    "timezone": "Europe/Vatican",
    "timezone_offset_hours": 1,
    "timezone_offset_minutes": 0,
    "phone_code": "+379"
  },
  {
    "code": "HN",
    "name_en": "Honduras",
    "name_fa": "هندوراس",
    "latitude": 14.0723,
    "longitude": -87.1921,
    "timezone": "America/Tegucigalpa",
    "timezone_offset_hours": -6,
    "timezone_offset_minutes": 0,
    "phone_code": "+504"
  },
  {
    "code": "HK",
    "name_en": "Hong Kong",
    "name_fa": "هنگ‌کنگ",
    "latitude": 22.3193,
    "longitude": 114.1694,
    "timezone": "Asia/Hong_Kong",
    "timezone_offset_hours": 8,
    "timezone_offset_minutes": 0,
    "phone_code": "+852"
  },
  {
    "code": "HU",
    "name_en": "Hungary",
    "name_fa": "مجارستان",
    "latitude": 47.4979,
    "longitude": 19.0402,
    "timezone": "Europe/Budapest",
    "timezone_offset_hours": 1,
    "timezone_offset_minutes": 0,
    "phone_code": "+36"
  },
  {
    "code": "IS",
    "name_en": "Iceland",
    "name_fa": "ایسلند",
    "latitude": 64.1466,
    "longitude": -21.9426,
    "timezone": "Atlantic/Reykjavik",
    "timezone_offset_hours": 0,
    "timezone_offset_minutes": 0,
    "phone_code": "+354"
  },
  {
    "code": "IN",
    "name_en": "India",
    "name_fa": "هند",
    "latitude": 28.6139,
    "longitude": 77.209,
    "timezone": "Asia/Kolkata",
    "timezone_offset_hours": 5,
    "timezone_offset_minutes": 30,
    "phone_code": "+91"
  },
  {
    "code": "ID",
    "name_en": "Indonesia",
    "name_fa": "اندونزی",
    "latitude": -6.2088,
    "longitude": 106.8456,
    "timezone": "Asia/Jakarta",
    "timezone_offset_hours": 7,
    "timezone_offset_minutes": 0,
    "phone_code": "+62"
  },
  {
    "code": "IR",
    "name_en": "Iran",
    "name_fa": "ایران",
    "latitude": 35.6892,
    "longitude": 51.389,
    "timezone": "Asia/Tehran",
    "timezone_offset_hours": 3,
    "timezone_offset_minutes": 30,
    "phone_code": "+98"
  },
  {
    "code": "IQ",
    "name_en": "Iraq",
    "name_fa": "عراق",
    "latitude": 33.3128,
    "longitude": 44.3615,
    "timezone": "Asia/Baghdad",
    "timezone_offset_hours": 3,
    "timezone_offset_minutes": 0,
    "phone_code": "+964"
  },
  {
    "code": "IE",
    "name_en": "Ireland",
    "name_fa": "ایرلند",
    "latitude": 53.3498,
    "longitude": -6.2603,
    "timezone": "Europe/Dublin",
    "timezone_offset_hours": 0,
    "timezone_offset_minutes": 0,
    "phone_code": "+353"
  },
  {
    "code": "IM",
    "name_en": "Isle of Man",
    "name_fa": "جزیره من",
    "latitude": 54.2361,
    "longitude": -4.5481,
    "timezone": "Europe/Isle_of_Man",
    "timezone_offset_hours": 0,
    "timezone_offset_minutes": 0,
    "phone_code": "+44-1624"
  },
  {
    "code": "IL",
    "name_en": "Israel",
    "name_fa": "اسرائیل",
    "latitude": 31.7683,
    "longitude": 35.2137,
    "timezone": "Asia/Jerusalem",
    "timezone_offset_hours": 2,
    "timezone_offset_minutes": 0,
    "phone_code": "+972"
  },
  {
    "code": "IT",
    "name_en": "Italy",
    "name_fa": "ایتالیا",
    "latitude": 41.9028,
    "longitude": 12.4964,
    "timezone": "Europe/Rome",
    "timezone_offset_hours": 1,
    "timezone_offset_minutes": 0,
    "phone_code": "+39"
  },
  {
    "code": "JM",
    "name_en": "Jamaica",
    "name_fa": "جامائیکا",
    "latitude": 18.1096,
    "longitude": -77.2975,
    "timezone": "America/Jamaica",
    "timezone_offset_hours": -5,
    "timezone_offset_minutes": 0,
    "phone_code": "+1-876"
  },
  {
    "code": "JP",
    "name_en": "Japan",
    "name_fa": "ژاپن",
    "latitude": 35.6762,
    "longitude": 139.6503,
    "timezone": "Asia/Tokyo",
    "timezone_offset_hours": 9,
    "timezone_offset_minutes": 0,
    "phone_code": "+81"
  },
  {
    "code": "JE",
    "name_en": "Jersey",
    "name_fa": "جرزی",
    "latitude": 49.2144,
    "longitude": -2.1312,
    "timezone": "Europe/Jersey",
    "timezone_offset_hours": 0,
    "timezone_offset_minutes": 0,
    "phone_code": "+44-1534"
  },
  {
    "code": "JO",
    "name_en": "Jordan",
    "name_fa": "اردن",
    "latitude": 31.9454,
    "longitude": 35.9284,
    "timezone": "Asia/Amman",
    "timezone_offset_hours": 3,
    "timezone_offset_minutes": 0,
    "phone_code": "+962"
  },
  {
    "code": "KZ",
    "name_en": "Kazakhstan",
    "name_fa": "قزاقستان",
    "latitude": 51.1694,
    "longitude": 71.4491,
    "timezone": "Asia/Almaty",
    "timezone_offset_hours": 6,
    "timezone_offset_minutes": 0,
    "phone_code": "+7"
  },
  {
    "code": "KE",
    "name_en": "Kenya",
    "name_fa": "کنیا",
    "latitude": -1.2921,
    "longitude": 36.8219,
    "timezone": "Africa/Nairobi",
    "timezone_offset_hours": 3,
    "timezone_offset_minutes": 0,
    "phone_code": "+254"
  },
  {
    "code": "KI",
    "name_en": "Kiribati",
    "name_fa": "کیریباتی",
    "latitude": 1.3291,
    "longitude": 172.9762,
    "timezone": "Pacific/Tarawa",
    "timezone_offset_hours": 12,
    "timezone_offset_minutes": 0,
    "phone_code": "+686"
  },
  {
    "code": "KW",
    "name_en": "Kuwait",
    "name_fa": "کویت",
    "latitude": 29.3759,
    "longitude": 47.9774,
    "timezone": "Asia/Kuwait",
    "timezone_offset_hours": 3,
    "timezone_offset_minutes": 0,
    "phone_code": "+965"
  },
  {
    "code": "KG",
    "name_en": "Kyrgyzstan",
    "name_fa": "قرقیزستان",
    "latitude": 42.8746,
    "longitude": 74.5698,
    "timezone": "Asia/Bishkek",
    "timezone_offset_hours": 6,
    "timezone_offset_minutes": 0,
    "phone_code": "+996"
  },
  {
    "code": "LA",
    "name_en": "Laos",
    "name_fa": "لائوس",
    "latitude": 17.9757,
    "longitude": 102.6331,
    "timezone": "Asia/Vientiane",
    "timezone_offset_hours": 7,
    "timezone_offset_minutes": 0,
    "phone_code": "+856"
  },
  {
    "code": "LV",
    "name_en": "Latvia",
    "name_fa": "لتونی",
    "latitude": 56.9496,
    "longitude": 24.1052,
    "timezone": "Europe/Riga",
    "timezone_offset_hours": 2,
    "timezone_offset_minutes": 0,
    "phone_code": "+371"
  },
  {
    "code": "LB",
    "name_en": "Lebanon",
    "name_fa": "لبنان",
    "latitude": 33.8938,
    "longitude": 35.5018,
    "timezone": "Asia/Beirut",
    "timezone_offset_hours": 2,
    "timezone_offset_minutes": 0,
    "phone_code": "+961"
  },
  {
    "code": "LS",
    "name_en": "Lesotho",
    "name_fa": "لسوتو",
    "latitude": -29.3142,
    "longitude": 27.4833,
    "timezone": "Africa/Maseru",
    "timezone_offset_hours": 2,
    "timezone_offset_minutes": 0,
    "phone_code": "+266"
  },
  {
    "code": "LR",
    "name_en": "Liberia",
    "name_fa": "لیبریا",
    "latitude": 6.2907,
    "longitude": -10.7605,
    "timezone": "Africa/Monrovia",
    "timezone_offset_hours": 0,
    "timezone_offset_minutes": 0,
    "phone_code": "+231"
  },
  {
    "code": "LY",
    "name_en": "Libya",
    "name_fa": "لیبی",
    "latitude": 32.9022,
    "longitude": 13.18,
    "timezone": "Africa/Tripoli",
    "timezone_offset_hours": 2,
    "timezone_offset_minutes": 0,
    "phone_code": "+218"
  },
  {
    "code": "LI",
    "name_en": "Liechtenstein",
    "name_fa": "لیختن‌اشتاین",
    "latitude": 47.166,
    "longitude": 9.5554,
    "timezone": "Europe/Vaduz",
    "timezone_offset_hours": 1,
    "timezone_offset_minutes": 0,
    "phone_code": "+423"
  },
  {
    "code": "LT",
    "name_en": "Lithuania",
    "name_fa": "لیتوانی",
    "latitude": 54.6872,
    "longitude": 25.2797,
    "timezone": "Europe/Vilnius",
    "timezone_offset_hours": 2,
    "timezone_offset_minutes": 0,
    "phone_code": "+370"
  },
  {
    "code": "LU",
    "name_en": "Luxembourg",
    "name_fa": "لوکزامبورگ",
    "latitude": 49.6116,
    "longitude": 6.13,
    "timezone": "Europe/Luxembourg",
    "timezone_offset_hours": 1,
    "timezone_offset_minutes": 0,
    "phone_code": "+352"
  },
  {
    "code": "MO",
    "name_en": "Macau",
    "name_fa": "ماکائو",
    "latitude": 22.1987,
    "longitude": 113.5439,
    "timezone": "Asia/Macau",
    "timezone_offset_hours": 8,
    "timezone_offset_minutes": 0,
    "phone_code": "+853"
  },
  {
    "code": "MG",
    "name_en": "Madagascar",
    "name_fa": "ماداگاسکار",
    "latitude": -18.8792,
    "longitude": 47.5079,
    "timezone": "Indian/Antananarivo",
    "timezone_offset_hours": 3,
    "timezone_offset_minutes": 0,
    "phone_code": "+261"
  },
  {
    "code": "MW",
    "name_en": "Malawi",
    "name_fa": "مالاوی",
    "latitude": -13.9626,
    "longitude": 33.7741,
    "timezone": "Africa/Blantyre",
    "timezone_offset_hours": 2,
    "timezone_offset_minutes": 0,
    "phone_code": "+265"
  },
  {
    "code": "MY",
    "name_en": "Malaysia",
    "name_fa": "مالزی",
    "latitude": 3.139,
    "longitude": 101.6869,
    "timezone": "Asia/Kuala_Lumpur",
    "timezone_offset_hours": 8,
    "timezone_offset_minutes": 0,
    "phone_code": "+60"
  },
  {
    "code": "MV",
    "name_en": "Maldives",
    "name_fa": "مالدیو",
    "latitude": 4.1755,
    "longitude": 73.5093,
    "timezone": "Indian/Maldives",
    "timezone_offset_hours": 5,
    "timezone_offset_minutes": 0,
    "phone_code": "+960"
  },
  {
    "code": "ML",
    "name_en": "Mali",
    "name_fa": "مالی",
    "latitude": 12.6392,
    "longitude": -8.0029,
    "timezone": "Africa/Bamako",
    "timezone_offset_hours": 0,
    "timezone_offset_minutes": 0,
    "phone_code": "+223"
  },
  {
    "code": "MT",
    "name_en": "Malta",
    "name_fa": "مالت",
    "latitude": 35.8989,
    "longitude": 14.5146,
    "timezone": "Europe/Malta",
    "timezone_offset_hours": 1,
    "timezone_offset_minutes": 0,
    "phone_code": "+356"
  },
  {
    "code": "MH",
    "name_en": "Marshall Islands",
    "name_fa": "جزایر مارشال",
    "latitude": 7.1164,
    "longitude": 171.1858,
    "timezone": "Pacific/Majuro",
    "timezone_offset_hours": 12,
    "timezone_offset_minutes": 0,
    "phone_code": "+692"
  },
  {
    "code": "MQ",
    "name_en": "Martinique",
    "name_fa": "مارتینیک",
    "latitude": 14.6415,
    "longitude": -61.0242,
    "timezone": "America/Martinique",
    "timezone_offset_hours": -4,
    "timezone_offset_minutes": 0,
    "phone_code": "+596"
  },
  {
    "code": "MR",
    "name_en": "Mauritania",
    "name_fa": "موریتانی",
    "latitude": 18.0735,
    "longitude": -15.9582,
    "timezone": "Africa/Nouakchott",
    "timezone_offset_hours": 0,
    "timezone_offset_minutes": 0,
    "phone_code": "+222"
  },
  {
    "code": "MU",
    "name_en": "Mauritius",
    "name_fa": "موریس",
    "latitude": -20.1609,
    "longitude": 57.5012,
    "timezone": "Indian/Mauritius",
    "timezone_offset_hours": 4,
    "timezone_offset_minutes": 0,
    "phone_code": "+230"
  },
  {
    "code": "YT",
    "name_en": "Mayotte",
    "name_fa": "مایوت",
    "latitude": -12.8275,
    "longitude": 45.1662,
    "timezone": "Indian/Mayotte",
    "timezone_offset_hours": 3,
    "timezone_offset_minutes": 0,
    "phone_code": "+262"
  },
  {
    "code": "MX",
    "name_en": "Mexico",
    "name_fa": "مکزیک",
    "latitude": 19.4326,
    "longitude": -99.1332,
    "timezone": "America/Mexico_City",
    "timezone_offset_hours": -6,
    "timezone_offset_minutes": 0,
    "phone_code": "+52"
  },
  {
    "code": "FM",
    "name_en": "Micronesia",
    "name_fa": "میکرونزی",
    "latitude": 6.9248,
    "longitude": 158.1618,
    "timezone": "Pacific/Pohnpei",
    "timezone_offset_hours": 11,
    "timezone_offset_minutes": 0,
    "phone_code": "+691"
  },
  {
    "code": "MD",
    "name_en": "Moldova",
    "name_fa": "مولداوی",
    "latitude": 47.0105,
    "longitude": 28.8638,
    "timezone": "Europe/Chisinau",
    "timezone_offset_hours": 2,
    "timezone_offset_minutes": 0,
    "phone_code": "+373"
  },
  {
    "code": "MC",
    "name_en": "Monaco",
    "name_fa": "موناکو",
    "latitude": 43.7384,
    "longitude": 7.4246,
    "timezone": "Europe/Monaco",
    "timezone_offset_hours": 1,
    "timezone_offset_minutes": 0,
    "phone_code": "+377"
  },
  {
    "code": "MN",
    "name_en": "Mongolia",
    "name_fa": "مغولستان",
    "latitude": 47.8864,
    "longitude": 106.9057,
    "timezone": "Asia/Ulaanbaatar",
    "timezone_offset_hours": 8,
    "timezone_offset_minutes": 0,
    "phone_code": "+976"
  },
  {
    "code": "ME",
    "name_en": "Montenegro",
    "name_fa": "مونته‌نگرو",
    "latitude": 42.4304,
    "longitude": 19.2594,
    "timezone": "Europe/Podgorica",
    "timezone_offset_hours": 1,
    "timezone_offset_minutes": 0,
    "phone_code": "+382"
  },
  {
    "code": "MS",
    "name_en": "Montserrat",
    "name_fa": "مونتسرات",
    "latitude": 16.7425,
    "longitude": -62.1874,
    "timezone": "America/Montserrat",
    "timezone_offset_hours": -4,
    "timezone_offset_minutes": 0,
    "phone_code": "+1-664"
  },
  {
    "code": "MA",
    "name_en": "Morocco",
    "name_fa": "مراکش",
    "latitude": 34.0209,
    "longitude": -6.8416,
    "timezone": "Africa/Casablanca",
    "timezone_offset_hours": 1,
    "timezone_offset_minutes": 0,
    "phone_code": "+212"
  },
  {
    "code": "MZ",
    "name_en": "Mozambique",
    "name_fa": "موزامبیک",
    "latitude": -25.9692,
    "longitude": 32.5732,
    "timezone": "Africa/Maputo",
    "timezone_offset_hours": 2,
    "timezone_offset_minutes": 0,
    "phone_code": "+258"
  },
  {
    "code": "MM",
    "name_en": "Myanmar",
    "name_fa": "میانمار",
    "latitude": 19.7633,
    "longitude": 96.0785,
    "timezone": "Asia/Yangon",
    "timezone_offset_hours": 6,
    "timezone_offset_minutes": 30,
    "phone_code": "+95"
  },
  {
    "code": "NA",
    "name_en": "Namibia",
    "name_fa": "نامیبیا",
    "latitude": -22.5609,
    "longitude": 17.0658,
    "timezone": "Africa/Windhoek",
    "timezone_offset_hours": 2,
    "timezone_offset_minutes": 0,
    "phone_code": "+264"
  },
  {
    "code": "NR",
    "name_en": "Nauru",
    "name_fa": "نائورو",
    "latitude": -0.5228,
    "longitude": 166.9315,
    "timezone": "Pacific/Nauru",
    "timezone_offset_hours": 12,
    "timezone_offset_minutes": 0,
    "phone_code": "+674"
  },
  {
    "code": "NP",
    "name_en": "Nepal",
    "name_fa": "نپال",
    "latitude": 27.7172,
    "longitude": 85.324,
    "timezone": "Asia/Kathmandu",
    "timezone_offset_hours": 5,
    "timezone_offset_minutes": 45,
    "phone_code": "+977"
  },
  {
    "code": "NL",
    "name_en": "Netherlands",
    "name_fa": "هلند",
    "latitude": 52.3676,
    "longitude": 4.9041,
    "timezone": "Europe/Amsterdam",
    "timezone_offset_hours": 1,
    "timezone_offset_minutes": 0,
    "phone_code": "+31"
  },
  {
    "code": "NC",
    "name_en": "New Caledonia",
    "name_fa": "کالدونیای جدید",
    "latitude": -22.2558,
    "longitude": 166.4505,
    "timezone": "Pacific/Noumea",
    "timezone_offset_hours": 11,
    "timezone_offset_minutes": 0,
    "phone_code": "+687"
  },
  {
    "code": "NZ",
    "name_en": "New Zealand",
    "name_fa": "نیوزیلند",
    "latitude": -41.2865,
    "longitude": 174.7762,
    "timezone": "Pacific/Auckland",
    "timezone_offset_hours": 12,
    "timezone_offset_minutes": 0,
    "phone_code": "+64"
  },
  {
    "code": "NI",
    "name_en": "Nicaragua",
    "name_fa": "نیکاراگوئه",
    "latitude": 12.115,
    "longitude": -86.2362,
    "timezone": "America/Managua",
    "timezone_offset_hours": -6,
    "timezone_offset_minutes": 0,
    "phone_code": "+505"
  },
  {
    "code": "NE",
    "name_en": "Niger",
    "name_fa": "نیجر",
    "latitude": 13.5127,
    "longitude": 2.1128,
    "timezone": "Africa/Niamey",
    "timezone_offset_hours": 1,
    "timezone_offset_minutes": 0,
    "phone_code": "+227"
  },
  {
    "code": "NG",
    "name_en": "Nigeria",
    "name_fa": "نیجریه",
    "latitude": 9.0765,
    "longitude": 7.3986,
    "timezone": "Africa/Lagos",
    "timezone_offset_hours": 1,
    "timezone_offset_minutes": 0,
    "phone_code": "+234"
  },
  {
    "code": "NU",
    "name_en": "Niue",
    "name_fa": "نیوئه",
    "latitude": -19.0544,
    "longitude": -169.8672,
    "timezone": "Pacific/Niue",
    "timezone_offset_hours": -11,
    "timezone_offset_minutes": 0,
    "phone_code": "+683"
  },
  {
    "code": "NF",
    "name_en": "Norfolk Island",
    "name_fa": "جزیره نورفک",
    "latitude": -29.0408,
    "longitude": 167.9547,
    "timezone": "Pacific/Norfolk",
    "timezone_offset_hours": 11,
    "timezone_offset_minutes": 0,
    "phone_code": "+672"
  },
  {
    "code": "KP",
    "name_en": "North Korea",
    "name_fa": "کره شمالی",
    "latitude": 39.0392,
    "longitude": 125.7625,
    "timezone": "Asia/Pyongyang",
    "timezone_offset_hours": 9,
    "timezone_offset_minutes": 0,
    "phone_code": "+850"
  },
  {
    "code": "MK",
    "name_en": "North Macedonia",
    "name_fa": "مقدونیه شمالی",
    "latitude": 41.9973,
    "longitude": 21.428,
    "timezone": "Europe/Skopje",
    "timezone_offset_hours": 1,
    "timezone_offset_minutes": 0,
    "phone_code": "+389"
  },
  {
    "code": "MP",
    "name_en": "Northern Mariana Islands",
    "name_fa": "جزایر ماریانای شمالی",
    "latitude": 15.2123,
    "longitude": 145.7545,
    "timezone": "Pacific/Guam",
    "timezone_offset_hours": 10,
    "timezone_offset_minutes": 0,
    "phone_code": "+1-670"
  },
  {
    "code": "NO",
    "name_en": "Norway",
    "name_fa": "نروژ",
    "latitude": 59.9139,
    "longitude": 10.7522,
    "timezone": "Europe/Oslo",
    "timezone_offset_hours": 1,
    "timezone_offset_minutes": 0,
    "phone_code": "+47"
  },
  {
    "code": "OM",
    "name_en": "Oman",
    "name_fa": "عمان",
    "latitude": 23.588,
    "longitude": 58.3829,
    "timezone": "Asia/Muscat",
    "timezone_offset_hours": 4,
    "timezone_offset_minutes": 0,
    "phone_code": "+968"
  },
  {
    "code": "PK",
    "name_en": "Pakistan",
    "name_fa": "پاکستان",
    "latitude": 33.6844,
    "longitude": 73.0479,
    "timezone": "Asia/Karachi",
    "timezone_offset_hours": 5,
    "timezone_offset_minutes": 0,
    "phone_code": "+92"
  },
  {
    "code": "PW",
    "name_en": "Palau",
    "name_fa": "پالائو",
    "latitude": 7.515,
    "longitude": 134.5825,
    "timezone": "Pacific/Palau",
    "timezone_offset_hours": 9,
    "timezone_offset_minutes": 0,
    "phone_code": "+680"
  },
  {
    "code": "PS",
    "name_en": "Palestine",
    "name_fa": "فلسطین",
    "latitude": 31.9522,
    "longitude": 35.2332,
    "timezone": "Asia/Hebron",
    "timezone_offset_hours": 2,
    "timezone_offset_minutes": 0,
    "phone_code": "+970"
  },
  {
    "code": "PA",
    "name_en": "Panama",
    "name_fa": "پاناما",
    "latitude": 8.9824,
    "longitude": -79.5199,
    "timezone": "America/Panama",
    "timezone_offset_hours": -5,
    "timezone_offset_minutes": 0,
    "phone_code": "+507"
  },
  {
    "code": "PG",
    "name_en": "Papua New Guinea",
    "name_fa": "پاپوآ گینه نو",
    "latitude": -6.3149,
    "longitude": 143.9555,
    "timezone": "Pacific/Port_Moresby",
    "timezone_offset_hours": 10,
    "timezone_offset_minutes": 0,
    "phone_code": "+675"
  },
  {
    "code": "PY",
    "name_en": "Paraguay",
    "name_fa": "پاراگوئه",
    "latitude": -25.2637,
    "longitude": -57.5759,
    "timezone": "America/Asuncion",
    "timezone_offset_hours": -4,
    "timezone_offset_minutes": 0,
    "phone_code": "+595"
  },
  {
    "code": "PE",
    "name_en": "Peru",
    "name_fa": "پرو",
    "latitude": -12.0464,
    "longitude": -77.0428,
    "timezone": "America/Lima",
    "timezone_offset_hours": -5,
    "timezone_offset_minutes": 0,
    "phone_code": "+51"
  },
  {
    "code": "PH",
    "name_en": "Philippines",
    "name_fa": "فیلیپین",
    "latitude": 14.5995,
    "longitude": 120.9842,
    "timezone": "Asia/Manila",
    "timezone_offset_hours": 8,
    "timezone_offset_minutes": 0,
    "phone_code": "+63"
  },
  {
    "code": "PN",
    "name_en": "Pitcairn Islands",
    "name_fa": "جزایر پیتکرن",
    "latitude": -25.0657,
    "longitude": -130.1006,
    "timezone": "Pacific/Pitcairn",
    "timezone_offset_hours": -8,
    "timezone_offset_minutes": 0,
    "phone_code": "+64"
  },
  {
    "code": "PL",
    "name_en": "Poland",
    "name_fa": "لهستان",
    "latitude": 52.2297,
    "longitude": 21.0122,
    "timezone": "Europe/Warsaw",
    "timezone_offset_hours": 1,
    "timezone_offset_minutes": 0,
    "phone_code": "+48"
  },
  {
    "code": "PT",
    "name_en": "Portugal",
    "name_fa": "پرتغال",
    "latitude": 38.7223,
    "longitude": -9.1393,
    "timezone": "Europe/Lisbon",
    "timezone_offset_hours": 0,
    "timezone_offset_minutes": 0,
    "phone_code": "+351"
  },
  {
    "code": "PR",
    "name_en": "Puerto Rico",
    "name_fa": "پورتوریکو",
    "latitude": 18.4655,
    "longitude": -66.1057,
    "timezone": "America/Puerto_Rico",
    "timezone_offset_hours": -4,
    "timezone_offset_minutes": 0,
    "phone_code": "+1-787"
  },
  {
    "code": "QA",
    "name_en": "Qatar",
    "name_fa": "قطر",
    "latitude": 25.2854,
    "longitude": 51.531,
    "timezone": "Asia/Qatar",
    "timezone_offset_hours": 3,
    "timezone_offset_minutes": 0,
    "phone_code": "+974"
  },
  {
    "code": "RE",
    "name_en": "Reunion",
    "name_fa": "رئونیون",
    "latitude": -20.8823,
    "longitude": 55.4504,
    "timezone": "Indian/Reunion",
    "timezone_offset_hours": 4,
    "timezone_offset_minutes": 0,
    "phone_code": "+262"
  },
  {
    "code": "RO",
    "name_en": "Romania",
    "name_fa": "رومانی",
    "latitude": 44.4268,
    "longitude": 26.1025,
    "timezone": "Europe/Bucharest",
    "timezone_offset_hours": 2,
    "timezone_offset_minutes": 0,
    "phone_code": "+40"
  },
  {
    "code": "RU",
    "name_en": "Russia",
    "name_fa": "روسیه",
    "latitude": 55.7558,
    "longitude": 37.6173,
    "timezone": "Europe/Moscow",
    "timezone_offset_hours": 3,
    "timezone_offset_minutes": 0,
    "phone_code": "+7"
  },
  {
    "code": "RW",
    "name_en": "Rwanda",
    "name_fa": "رواندا",
    "latitude": -1.9403,
    "longitude": 29.8739,
    "timezone": "Africa/Kigali",
    "timezone_offset_hours": 2,
    "timezone_offset_minutes": 0,
    "phone_code": "+250"
  },
  {
    "code": "BL",
    "name_en": "Saint Barthelemy",
    "name_fa": "سن بارتلمی",
    "latitude": 17.8958,
    "longitude": -62.8508,
    "timezone": "America/St_Barthelemy",
    "timezone_offset_hours": -4,
    "timezone_offset_minutes": 0,
    "phone_code": "+590"
  },
  {
    "code": "SH",
    "name_en": "Saint Helena",
    "name_fa": "سنت هلنا",
    "latitude": -15.9251,
    "longitude": -5.7242,
    "timezone": "Atlantic/St_Helena",
    "timezone_offset_hours": 0,
    "timezone_offset_minutes": 0,
    "phone_code": "+290"
  },
  {
    "code": "KN",
    "name_en": "Saint Kitts and Nevis",
    "name_fa": "سنت کیتس و نویس",
    "latitude": 17.2948,
    "longitude": -62.7261,
    "timezone": "America/St_Kitts",
    "timezone_offset_hours": -4,
    "timezone_offset_minutes": 0,
    "phone_code": "+1-869"
  },
  {
    "code": "LC",
    "name_en": "Saint Lucia",
    "name_fa": "سنت لوسیا",
    "latitude": 14.0101,
    "longitude": -60.9875,
    "timezone": "America/St_Lucia",
    "timezone_offset_hours": -4,
    "timezone_offset_minutes": 0,
    "phone_code": "+1-758"
  },
  {
    "code": "MF",
    "name_en": "Saint Martin",
    "name_fa": "سن مارتن",
    "latitude": 18.0731,
    "longitude": -63.0822,
    "timezone": "America/Marigot",
    "timezone_offset_hours": -4,
    "timezone_offset_minutes": 0,
    "phone_code": "+590"
  },
  {
    "code": "PM",
    "name_en": "Saint Pierre and Miquelon",
    "name_fa": "سن پیر و میکلن",
    "latitude": 46.7785,
    "longitude": -56.1722,
    "timezone": "America/Miquelon",
    "timezone_offset_hours": -3,
    "timezone_offset_minutes": 0,
    "phone_code": "+508"
  },
  {
    "code": "VC",
    "name_en": "Saint Vincent and the Grenadines",
    "name_fa": "سنت وینسنت و گرنادین‌ها",
    "latitude": 13.1587,
    "longitude": -61.2248,
    "timezone": "America/St_Vincent",
    "timezone_offset_hours": -4,
    "timezone_offset_minutes": 0,
    "phone_code": "+1-784"
  },
  {
    "code": "WS",
    "name_en": "Samoa",
    "name_fa": "ساموآ",
    "latitude": -13.8333,
    "longitude": -171.75,
    "timezone": "Pacific/Apia",
    "timezone_offset_hours": 13,
    "timezone_offset_minutes": 0,
    "phone_code": "+685"
  },
  {
    "code": "SM",
    "name_en": "San Marino",
    "name_fa": "سان مارینو",
    "latitude": 43.9424,
    "longitude": 12.4578,
    "timezone": "Europe/San_Marino",
    "timezone_offset_hours": 1,
    "timezone_offset_minutes": 0,
    "phone_code": "+378"
  },
  {
    "code": "ST",
    "name_en": "Sao Tome and Principe",
    "name_fa": "سائوتومه و پرنسیپ",
    "latitude": 0.1864,
    "longitude": 6.6131,
    "timezone": "Africa/Sao_Tome",
    "timezone_offset_hours": 0,
    "timezone_offset_minutes": 0,
    "phone_code": "+239"
  },
  {
    "code": "SA",
    "name_en": "Saudi Arabia",
    "name_fa": "عربستان سعودی",
    "latitude": 24.7136,
    "longitude": 46.6753,
    "timezone": "Asia/Riyadh",
    "timezone_offset_hours": 3,
    "timezone_offset_minutes": 0,
    "phone_code": "+966"
  },
  {
    "code": "SN",
    "name_en": "Senegal",
    "name_fa": "سنگال",
    "latitude": 14.7167,
    "longitude": -17.4677,
    "timezone": "Africa/Dakar",
    "timezone_offset_hours": 0,
    "timezone_offset_minutes": 0,
    "phone_code": "+221"
  },
  {
    "code": "RS",
    "name_en": "Serbia",
    "name_fa": "صربستان",
    "latitude": 44.7866,
    "longitude": 20.4489,
    "timezone": "Europe/Belgrade",
    "timezone_offset_hours": 1,
    "timezone_offset_minutes": 0,
    "phone_code": "+381"
  },
  {
    "code": "SC",
    "name_en": "Seychelles",
    "name_fa": "سیشل",
    "latitude": -4.6796,
    "longitude": 55.492,
    "timezone": "Indian/Mahe",
    "timezone_offset_hours": 4,
    "timezone_offset_minutes": 0,
    "phone_code": "+248"
  },
  {
    "code": "SL",
    "name_en": "Sierra Leone",
    "name_fa": "سیرالئون",
    "latitude": 8.4657,
    "longitude": -13.2317,
    "timezone": "Africa/Freetown",
    "timezone_offset_hours": 0,
    "timezone_offset_minutes": 0,
    "phone_code": "+232"
  },
  {
    "code": "SG",
    "name_en": "Singapore",
    "name_fa": "سنگاپور",
    "latitude": 1.3521,
    "longitude": 103.8198,
    "timezone": "Asia/Singapore",
    "timezone_offset_hours": 8,
    "timezone_offset_minutes": 0,
    "phone_code": "+65"
  },
  {
    "code": "SX",
    "name_en": "Sint Maarten",
    "name_fa": "سینت مارتن",
    "latitude": 18.0425,
    "longitude": -63.0548,
    "timezone": "America/Lower_Princes",
    "timezone_offset_hours": -4,
    "timezone_offset_minutes": 0,
    "phone_code": "+1-721"
  },
  {
    "code": "SK",
    "name_en": "Slovakia",
    "name_fa": "اسلواکی",
    "latitude": 48.1486,
    "longitude": 17.1077,
    "timezone": "Europe/Bratislava",
    "timezone_offset_hours": 1,
    "timezone_offset_minutes": 0,
    "phone_code": "+421"
  },
  {
    "code": "SI",
    "name_en": "Slovenia",
    "name_fa": "اسلوونی",
    "latitude": 46.0569,
    "longitude": 14.5058,
    "timezone": "Europe/Ljubljana",
    "timezone_offset_hours": 1,
    "timezone_offset_minutes": 0,
    "phone_code": "+386"
  },
  {
    "code": "SB",
    "name_en": "Solomon Islands",
    "name_fa": "جزایر سلیمان",
    "latitude": -9.4456,
    "longitude": 159.9729,
    "timezone": "Pacific/Guadalcanal",
    "timezone_offset_hours": 11,
    "timezone_offset_minutes": 0,
    "phone_code": "+677"
  },
  {
    "code": "SO",
    "name_en": "Somalia",
    "name_fa": "سومالی",
    "latitude": 2.0469,
    "longitude": 45.3182,
    "timezone": "Africa/Mogadishu",
    "timezone_offset_hours": 3,
    "timezone_offset_minutes": 0,
    "phone_code": "+252"
  },
  {
    "code": "ZA",
    "name_en": "South Africa",
    "name_fa": "آفریقای جنوبی",
    "latitude": -25.7479,
    "longitude": 28.2293,
    "timezone": "Africa/Johannesburg",
    "timezone_offset_hours": 2,
    "timezone_offset_minutes": 0,
    "phone_code": "+27"
  },
  {
    "code": "GS",
    "name_en": "South Georgia and the South Sandwich Islands",
    "name_fa": "جورجیای جنوبی و جزایر ساندویچ جنوبی",
    "latitude": -54.4296,
    "longitude": -36.5879,
    "timezone": "Atlantic/South_Georgia",
    "timezone_offset_hours": -2,
    "timezone_offset_minutes": 0,
    "phone_code": "+500"
  },
  {
    "code": "KR",
    "name_en": "South Korea",
    "name_fa": "کره جنوبی",
    "latitude": 37.5665,
    "longitude": 126.978,
    "timezone": "Asia/Seoul",
    "timezone_offset_hours": 9,
    "timezone_offset_minutes": 0,
    "phone_code": "+82"
  },
  {
    "code": "SS",
    "name_en": "South Sudan",
    "name_fa": "سودان جنوبی",
    "latitude": 4.8594,
    "longitude": 31.5713,
    "timezone": "Africa/Juba",
    "timezone_offset_hours": 2,
    "timezone_offset_minutes": 0,
    "phone_code": "+211"
  },
  {
    "code": "ES",
    "name_en": "Spain",
    "name_fa": "اسپانیا",
    "latitude": 40.4168,
    "longitude": -3.7038,
    "timezone": "Europe/Madrid",
    "timezone_offset_hours": 1,
    "timezone_offset_minutes": 0,
    "phone_code": "+34"
  },
  {
    "code": "LK",
    "name_en": "Sri Lanka",
    "name_fa": "سری‌لانکا",
    "latitude": 6.9271,
    "longitude": 79.8612,
    "timezone": "Asia/Colombo",
    "timezone_offset_hours": 5,
    "timezone_offset_minutes": 30,
    "phone_code": "+94"
  },
  {
    "code": "SD",
    "name_en": "Sudan",
    "name_fa": "سودان",
    "latitude": 15.5007,
    "longitude": 32.5599,
    "timezone": "Africa/Khartoum",
    "timezone_offset_hours": 2,
    "timezone_offset_minutes": 0,
    "phone_code": "+249"
  },
  {
    "code": "SR",
    "name_en": "Suriname",
    "name_fa": "سورینام",
    "latitude": 5.852,
    "longitude": -55.2038,
    "timezone": "America/Paramaribo",
    "timezone_offset_hours": -3,
    "timezone_offset_minutes": 0,
    "phone_code": "+597"
  },
  {
    "code": "SJ",
    "name_en": "Svalbard and Jan Mayen",
    "name_fa": "اسوالبارد و یان ماین",
    "latitude": 77.5536,
    "longitude": 23.6703,
    "timezone": "Arctic/Longyearbyen",
    "timezone_offset_hours": 1,
    "timezone_offset_minutes": 0,
    "phone_code": "+47"
  },
  {
    "code": "SE",
    "name_en": "Sweden",
    "name_fa": "سوئد",
    "latitude": 59.3293,
    "longitude": 18.0686,
    "timezone": "Europe/Stockholm",
    "timezone_offset_hours": 1,
    "timezone_offset_minutes": 0,
    "phone_code": "+46"
  },
  {
    "code": "CH",
    "name_en": "Switzerland",
    "name_fa": "سوئیس",
    "latitude": 46.948,
    "longitude": 7.4474,
    "timezone": "Europe/Zurich",
    "timezone_offset_hours": 1,
    "timezone_offset_minutes": 0,
    "phone_code": "+41"
  },
  {
    "code": "SY",
    "name_en": "Syria",
    "name_fa": "سوریه",
    "latitude": 33.5138,
    "longitude": 36.2765,
    "timezone": "Asia/Damascus",
    "timezone_offset_hours": 3,
    "timezone_offset_minutes": 0,
    "phone_code": "+963"
  },
  {
    "code": "TW",
    "name_en": "Taiwan",
    "name_fa": "تایوان",
    "latitude": 25.033,
    "longitude": 121.5654,
    "timezone": "Asia/Taipei",
    "timezone_offset_hours": 8,
    "timezone_offset_minutes": 0,
    "phone_code": "+886"
  },
  {
    "code": "TJ",
    "name_en": "Tajikistan",
    "name_fa": "تاجیکستان",
    "latitude": 38.5598,
    "longitude": 68.7738,
    "timezone": "Asia/Dushanbe",
    "timezone_offset_hours": 5,
    "timezone_offset_minutes": 0,
    "phone_code": "+992"
  },
  {
    "code": "TZ",
    "name_en": "Tanzania",
    "name_fa": "تانزانیا",
    "latitude": -6.7924,
    "longitude": 39.2083,
    "timezone": "Africa/Dar_es_Salaam",
    "timezone_offset_hours": 3,
    "timezone_offset_minutes": 0,
    "phone_code": "+255"
  },
  {
    "code": "TH",
    "name_en": "Thailand",
    "name_fa": "تایلند",
    "latitude": 13.7563,
    "longitude": 100.5018,
    "timezone": "Asia/Bangkok",
    "timezone_offset_hours": 7,
    "timezone_offset_minutes": 0,
    "phone_code": "+66"
  },
  {
    "code": "TL",
    "name_en": "Timor-Leste",
    "name_fa": "تیمور شرقی",
    "latitude": -8.5569,
    "longitude": 125.5603,
    "timezone": "Asia/Dili",
    "timezone_offset_hours": 9,
    "timezone_offset_minutes": 0,
    "phone_code": "+670"
  },
  {
    "code": "TG",
    "name_en": "Togo",
    "name_fa": "توگو",
    "latitude": 6.1256,
    "longitude": 1.2254,
    "timezone": "Africa/Lome",
    "timezone_offset_hours": 0,
    "timezone_offset_minutes": 0,
    "phone_code": "+228"
  },
  {
    "code": "TK",
    "name_en": "Tokelau",
    "name_fa": "توکلائو",
    "latitude": -9.2002,
    "longitude": -171.8484,
    "timezone": "Pacific/Fakaofo",
    "timezone_offset_hours": 13,
    "timezone_offset_minutes": 0,
    "phone_code": "+690"
  },
  {
    "code": "TO",
    "name_en": "Tonga",
    "name_fa": "تونگا",
    "latitude": -21.2087,
    "longitude": -175.1982,
    "timezone": "Pacific/Tongatapu",
    "timezone_offset_hours": 13,
    "timezone_offset_minutes": 0,
    "phone_code": "+676"
  },
  {
    "code": "TT",
    "name_en": "Trinidad and Tobago",
    "name_fa": "ترینیداد و توباگو",
    "latitude": 10.6918,
    "longitude": -61.2225,
    "timezone": "America/Port_of_Spain",
    "timezone_offset_hours": -4,
    "timezone_offset_minutes": 0,
    "phone_code": "+1-868"
  },
  {
    "code": "TN",
    "name_en": "Tunisia",
    "name_fa": "تونس",
    "latitude": 36.8065,
    "longitude": 10.1815,
    "timezone": "Africa/Tunis",
    "timezone_offset_hours": 1,
    "timezone_offset_minutes": 0,
    "phone_code": "+216"
  },
  {
    "code": "TR",
    "name_en": "Turkey",
    "name_fa": "ترکیه",
    "latitude": 39.9334,
    "longitude": 32.8597,
    "timezone": "Europe/Istanbul",
    "timezone_offset_hours": 3,
    "timezone_offset_minutes": 0,
    "phone_code": "+90"
  },
  {
    "code": "TM",
    "name_en": "Turkmenistan",
    "name_fa": "ترکمنستان",
    "latitude": 37.9601,
    "longitude": 58.3261,
    "timezone": "Asia/Ashgabat",
    "timezone_offset_hours": 5,
    "timezone_offset_minutes": 0,
    "phone_code": "+993"
  },
  {
    "code": "TC",
    "name_en": "Turks and Caicos Islands",
    "name_fa": "جزایر تورکس و کایکوس",
    "latitude": 21.694,
    "longitude": -71.7979,
    "timezone": "America/Grand_Turk",
    "timezone_offset_hours": -5,
    "timezone_offset_minutes": 0,
    "phone_code": "+1-649"
  },
  {
    "code": "TV",
    "name_en": "Tuvalu",
    "name_fa": "تووالو",
    "latitude": -8.5199,
    "longitude": 179.194,
    "timezone": "Pacific/Funafuti",
    "timezone_offset_hours": 12,
    "timezone_offset_minutes": 0,
    "phone_code": "+688"
  },
  {
    "code": "VI",
    "name_en": "U.S. Virgin Islands",
    "name_fa": "جزایر ویرجین آمریکا",
    "latitude": 18.3358,
    "longitude": -64.9307,
    "timezone": "America/Virgin",
    "timezone_offset_hours": -4,
    "timezone_offset_minutes": 0,
    "phone_code": "+1-340"
  },
  {
    "code": "UG",
    "name_en": "Uganda",
    "name_fa": "اوگاندا",
    "latitude": 0.3476,
    "longitude": 32.5825,
    "timezone": "Africa/Kampala",
    "timezone_offset_hours": 3,
    "timezone_offset_minutes": 0,
    "phone_code": "+256"
  },
  {
    "code": "UA",
    "name_en": "Ukraine",
    "name_fa": "اوکراین",
    "latitude": 50.4501,
    "longitude": 30.5234,
    "timezone": "Europe/Kyiv",
    "timezone_offset_hours": 2,
    "timezone_offset_minutes": 0,
    "phone_code": "+380"
  },
  {
    "code": "AE",
    "name_en": "United Arab Emirates",
    "name_fa": "امارات متحده عربی",
    "latitude": 24.4539,
    "longitude": 54.3773,
    "timezone": "Asia/Dubai",
    "timezone_offset_hours": 4,
    "timezone_offset_minutes": 0,
    "phone_code": "+971"
  },
  {
    "code": "GB",
    "name_en": "United Kingdom",
    "name_fa": "بریتانیا",
    "latitude": 51.5074,
    "longitude": -0.1278,
    "timezone": "Europe/London",
    "timezone_offset_hours": 0,
    "timezone_offset_minutes": 0,
    "phone_code": "+44"
  },
  {
    "code": "US",
    "name_en": "United States",
    "name_fa": "ایالات متحده آمریکا",
    "latitude": 38.9072,
    "longitude": -77.0369,
    "timezone": "America/New_York",
    "timezone_offset_hours": -5,
    "timezone_offset_minutes": 0,
    "phone_code": "+1"
  },
  {
    "code": "UM",
    "name_en": "United States Minor Outlying Islands",
    "name_fa": "جزایر کوچک حاشیه‌ای ایالات متحده",
    "latitude": 19.2823,
    "longitude": 166.647,
    "timezone": "Pacific/Wake",
    "timezone_offset_hours": 12,
    "timezone_offset_minutes": 0,
    "phone_code": "+1"
  },
  {
    "code": "UY",
    "name_en": "Uruguay",
    "name_fa": "اروگوئه",
    "latitude": -34.9011,
    "longitude": -56.1645,
    "timezone": "America/Montevideo",
    "timezone_offset_hours": -3,
    "timezone_offset_minutes": 0,
    "phone_code": "+598"
  },
  {
    "code": "UZ",
    "name_en": "Uzbekistan",
    "name_fa": "ازبکستان",
    "latitude": 41.2995,
    "longitude": 69.2401,
    "timezone": "Asia/Tashkent",
    "timezone_offset_hours": 5,
    "timezone_offset_minutes": 0,
    "phone_code": "+998"
  },
  {
    "code": "VU",
    "name_en": "Vanuatu",
    "name_fa": "وانواتو",
    "latitude": -17.7334,
    "longitude": 168.3273,
    "timezone": "Pacific/Efate",
    "timezone_offset_hours": 11,
    "timezone_offset_minutes": 0,
    "phone_code": "+678"
  },
  {
    "code": "VE",
    "name_en": "Venezuela",
    "name_fa": "ونزوئلا",
    "latitude": 10.4806,
    "longitude": -66.9036,
    "timezone": "America/Caracas",
    "timezone_offset_hours": -4,
    "timezone_offset_minutes": 0,
    "phone_code": "+58"
  },
  {
    "code": "VN",
    "name_en": "Vietnam",
    "name_fa": "ویتنام",
    "latitude": 21.0278,
    "longitude": 105.8342,
    "timezone": "Asia/Ho_Chi_Minh",
    "timezone_offset_hours": 7,
    "timezone_offset_minutes": 0,
    "phone_code": "+84"
  },
  {
    "code": "WF",
    "name_en": "Wallis and Futuna",
    "name_fa": "والیس و فوتونا",
    "latitude": -13.7687,
    "longitude": -177.1561,
    "timezone": "Pacific/Wallis",
    "timezone_offset_hours": 12,
    "timezone_offset_minutes": 0,
    "phone_code": "+681"
  },
  {
    "code": "EH",
    "name_en": "Western Sahara",
    "name_fa": "صحرای غربی",
    "latitude": 24.2155,
    "longitude": -12.8858,
    "timezone": "Africa/El_Aaiun",
    "timezone_offset_hours": 1,
    "timezone_offset_minutes": 0,
    "phone_code": "+212"
  },
  {
    "code": "YE",
    "name_en": "Yemen",
    "name_fa": "یمن",
    "latitude": 15.3694,
    "longitude": 44.191,
    "timezone": "Asia/Aden",
    "timezone_offset_hours": 3,
    "timezone_offset_minutes": 0,
    "phone_code": "+967"
  },
  {
    "code": "ZM",
    "name_en": "Zambia",
    "name_fa": "زامبیا",
    "latitude": -15.3875,
    "longitude": 28.3228,
    "timezone": "Africa/Lusaka",
    "timezone_offset_hours": 2,
    "timezone_offset_minutes": 0,
    "phone_code": "+260"
  },
  {
    "code": "ZW",
    "name_en": "Zimbabwe",
    "name_fa": "زیمبابوه",
    "latitude": -17.8292,
    "longitude": 31.0522,
    "timezone": "Africa/Harare",
    "timezone_offset_hours": 2,
    "timezone_offset_minutes": 0,
    "phone_code": "+263"
  }
]